商品评论,情感分析结果,评价倾向
"""很好！孩子喜欢大",0.957705399885397,喜欢
"赞一个""",0.9111553016024115,喜欢
很好,0.7795229979671993,喜欢
首先，快递师傅的工作热情和态度很好其次东西包装完。给评不错,0.5462602734756538,一般
一本字典大小，买来当作参考书用喜欢。随时查有些东西店不到网上可以希望自己能的着工路还长切走更远好2017加油,0.9565808942875647,喜欢
方便携带，平时翻随学习。,0.9358098693328704,喜欢
不错，书店找到还是网方便好学习天向上,0.9872663813511434,喜欢
很好啊，质量上班几年了有空时多学习一下！,0.982591685359147,喜欢
封皮颜色看起来怪的，喜欢原有第七版设计,0.19102245101905824,不喜欢
像字典那么大，内容比较全面。,0.7622918832123228,喜欢
收到，小哥送快挺M意的,0.7802809916622196,喜欢
物流很快，正品行货满意！,0.9786030319994306,喜欢
京东物流太速度了，买这本书就是因为小带着方便,0.7568141632857296,喜欢
打包一看封面掉漆，沾贴不正象是规厂家出版的内容有待确认。,0.5162519027465,一般
双1在京东给宝买了太多的书，满减过后价格非常美丽印刷质量也很好小家伙现每晚都要一个故事才肯乖睡觉。,0.9964522299605991,喜欢
东西好的没话说，下次还买一如既往支持 ,0.9489655141467463,喜欢
给娃囤的，6个月只会啃没有什么耐心听故事长牙阶段太闹腾。,0.771378911619762,喜欢
内容经典，娃爱不释手要讲好多遍活动期购买超级划算,0.999921968603137,喜欢
京东活动真多啊，又买了好绘本不嫌。,0.45443682993359713,一般
"""金羽毛这系列书都不错，适合大一点的小朋友先买来收藏着搞活动也十分优",0.9991069704451803,喜欢
"惠包装很好！""",0.8852487198985762,喜欢
jd的书 一两个月就要购入很多本绘选择,0.9853835902812002,喜欢
给小孩买的 陪着一起阅读希望他也爱上书,0.9449468836360853,喜欢
还不错吧，值得购买。,0.9719528364976782,喜欢
商品符合预期，京东物流给力。,0.5571816717231638,一般
好书 替象棋大师买的信任京东就是快,0.9773556970361648,喜欢
很不错适合孩子上小学前放假使用,0.9951140247966401,喜欢
非常好，很适合用下次再来有建设性希望大卖？,0.8043984753235748,喜欢
一直在京东买西的，很不错,0.9236013490867248,喜欢
京东速度就是快，小朋友可以练起来了。,0.8603327255005669,喜欢
挺好的书，很多人建议这本呦,0.6982440490458257,喜欢
小朋友很喜欢,0.9017068386157789,喜欢
推荐 好书,0.8159220107974049,喜欢
不错,0.8612132352941176,喜欢
书不错，值得一看。,0.9703678077775209,喜欢
618活动全场20-，还是挺划算的帮同事买书。,0.8790234178488313,喜欢
此用户未填写评价内容,0.09928912174037674,不喜欢
"""一本好书。宝贝已经收到了，真的是物有所值非常满意卖家服务态度很发货速也快包裹严实没任何破损递小哥送总体来说次愉购呀下需要还会再买！与描述完全致,喜欢超出期望装仔细、流公司运""",0.9980088990367336,喜欢
塑封包装，商品完好。看纸质印刷应该是正版内容实用值得购买,0.263244933318434,不喜欢
这本书涉及实体建模、线性精力分析接触弹塑热应多动态等，既适合ABQUS 初学者和中级用户也为高提供了有的参考,0.998319043992539,喜欢
没有光盘和数据文件，可操作性不好,0.3091571381647593,不喜欢
作者通过自己的劳动，让我们这些初入门软件用户可以更方便直接了解和掌握abqus详细设置争取把全套集齐～,0.9507936036623579,喜欢
有参考价值。翻译的比较生硬,0.5307577342920816,一般
不错呢，有光盘供学习的。,0.9163217577387088,喜欢
东西还不错，唯一的遗憾是彩印！双十二物流有点慢可以理解。,0.9368217154438594,喜欢
我每个月林总要买很多东西，如果逐一评价 会崩溃所以特别制作下模版当你看到这段话的时候说明对此产品是满意后来者可放心大胆购然并非不负责任家好也花番功夫论！,0.9238190422907558,喜欢
"""宝贝已经收到了，真的是物有所值非常满意。卖家服务态度很好发货速也快包裹严实没任何破损递小哥送总体来说一次愉购呀下需要还会再买！与描述完全致,喜欢超出期望装仔细、流公司运""",0.9970154992662269,喜欢
在听钟老师烦闷的时候用段激情声音解还是可以,0.5202869034846399,一般
单位集体下购买，10多本书第二天就到了没有错误很好方便,0.8073957446153915,喜欢
相信高甲，希望物有所值吧包装都快散架了递速度还行西安仓发出的不过同一单下北京来比书天但是普通多辛苦员,0.2942098825228525,不喜欢
京东服务好，购物方便书正在用着很实满意。,0.9777425814440642,喜欢
真的很有用，不仅是司法考试对公务员也帮助,0.9920287176901843,喜欢
真题解析。不知道哪个刑诉老师最好，希望物有所值吧包装都快散架了盒子破递速度还行西安仓发出的过同一单下北京来比书天但是普通多辛苦员,0.9960986938377814,喜欢
特别好，很详细推荐购买！,0.9503845592126894,喜欢
16年版印，书就是个噱头跟李大师估计没啥关系所谓的套限量玩笑。节选本意思还买中华局全研读吧,0.9960050423578064,喜欢
书很好，价格也实惠而且选材独特与一般本并不重合。购只京东,0.9377578839581004,喜欢
正版图书，折扣价格合理。,0.6198177844854431,喜欢
还可以。发货很快好评,0.8563130122468109,喜欢
东西很好，十分的喜欢,0.8820399485604616,喜欢
配送还可以，书质量好大概翻了下是自己想要的!,0.6195480747786771,喜欢
商品质量好，正保障配送特别快服务态度也很！,0.9530936771606295,喜欢
不错，看起来是正版满意,0.9630590837832954,喜欢
不必要买的书，与李敖木有关系好,0.5079596476016097,一般
_始看，但是著不e慢x期待更好,0.9086398163783816,喜欢
暑期图书各种活动，捡大便宜了！？京东搞开心伤钱包啊,0.6720216586902543,喜欢
总是要买的，京东个理想选择！,0.618686450140535,喜欢
红火恍惚呵哈,0.6010325872682178,喜欢
质优价廉，非常满意好评,0.8240055913434171,喜欢
不错，质量好非常满意,0.9535633763468683,喜欢
一直喜欢有视频的书,0.8149109347237631,喜欢
提前为新学期做好准备，假可以自一下印刷质量和内容都不错。,0.9679122835574805,喜欢
非常满意,0.7053469852104663,喜欢
不错，书挺好的啊！,0.9758875640790244,喜欢
看着包装就不错，物流更是一如既往的好!,0.9891028594939872,喜欢
印刷纸张都很满意，希望宝能喜欢,0.831221021124489,喜欢
非常感谢京东商城给予的优质服务，从仓储管理、物流配送等各方面都是做好。货及时员也热情有候不便收件安排间另行同在售后上以解客户忧患除万难我们购体验,0.5200398314059816,一般
可能是比较抢手的书，需要从外地调所以快递慢了一点。,0.014815938535112427,不喜欢
太贵了，我还以为典藏版是精装的结果不那什么叫呢？平定价可怕,0.5550853903616414,一般
在京东买了很多书，囤起来慢读。,0.9289630856714992,喜欢
还可以，！,0.477069601737677,一般
不错的东西啊,0.8623218777387431,喜欢
书不是全本，节选的人物传记。阅读没有障碍排版可以纸张一般总体评价四星半给个五,0.9119113253023271,喜欢
让孩子复习用的，比书店便宜主要是物流给力快递员服务好。,0.9759998513994022,喜欢
不错，备课用案例挺长的全是比较新鲜晒个目录,0.9485927946479639,喜欢
呃，还是一样的套路建议买教学案例那本,0.7709125814410077,喜欢
书编写很好，方便查询还包括大事记开阔视野,0.9993018778222577,喜欢
第一次上《思想道德修养与法律基础》课，买回来参考下内容很有启发不错的本书。只过平台让报税号开得还是老式票这销困难了希望尽快改进,0.9936190326745421,喜欢
书的质感不错，配套使用京东自营送货就是快每次着急什么第一时间选择从未失望！,0.6124275028014591,喜欢
书非常不错，东西多又好玩一切都。,0.9722861067589986,喜欢
备课用，案例较新有参考价值。,0.7419421275745974,喜欢
书很好非常有用，可以备课了！,0.9362239641421057,喜欢
买来备课用，案例还挺新实的。,0.7504813037126419,喜欢
给讲的课程不一样,0.7362364695815765,喜欢
好的,0.6558628208940429,喜欢
初中要求的必读书，希望阅给孩子带来知识和快乐。,0.9995999183259697,喜欢
孩子非常喜欢看三毛。信任京东目前家里的所有用品几乎都在购买，物流还质量保证以及售后是我选择原因本来药最谨慎但相也希望一直将正坚持到底严格把关这长久发展之键加油！,0.9999776630530625,喜欢
先买了一本《三毛流浪记》，孩子看得很好我也跟着重温儿时快乐。他发现封底还有这四的介绍想来支持立刻下单哈京东飞速送达开心极,0.9999999961616863,喜欢
书是好，要能再便宜点就了一直在京东买西质量有保障物流快最重的售后。,0.885963497298757,喜欢
一套棒哒?,0.4737672181921908,一般
孩子们特别喜欢的一套书。百看不厌，值得推荐,0.9934209264279021,喜欢
每年京东618活动都是那么的给力，尤其购买图书绘本满40实际付款超值!无论老大拼音故事DK系列还二钟爱各种不乘机多屯一些说过去,0.9846557598391948,喜欢
都在京东购书，发货速度隔天就到是正版质量很好内容丰富小孩子喜欢看评。,0.7339847537070375,喜欢
书质量非常好，喜欢性价比超高满意儿子看三毛买了一本又不小心整套都齐的插图是彩色棒动画片强大多人！,0.9999999393391162,喜欢
家里的小朋友刚读完一年级，三毛这本书上有拼音孩子基都能懂！很适合个纪阅强力推荐非常喜欢,0.9999780278359988,喜欢
预习用非常好，群里推荐的。,0.9229130781273308,喜欢
非常不错的图书，值得购买,0.9706386945815059,喜欢
买了1-84，又得一本的收。,0.17483053640577473,不喜欢
从小看到大~超级喜欢柯南质量不错，满10减5买的划算.,0.9793722832855344,喜欢
有包装的精致一些，单独买就不敢恭维了,0.5664833120493094,一般
这是一定要买的，不用说另外整个快递和装帧还很棒虽然图书节但物流依旧那么赞,0.9876570578455394,喜欢
质量一般，随便看还是可以滴收藏留算了,0.535717164372523,一般
之前买了一箱子，到84现在凑90粉开心,0.14754378368664,不喜欢
超级满意，之前在某宝补了空缺的这次无间看到京东有活动立马齐后面！很过塑包装棒哒,0.08777067625394797,不喜欢
书还可以，然后一直很喜欢柯南没想到京东上也有卖的真方便,0.9320166807402452,喜欢
书依然很好，包装只用塑料袋…,0.6245436126181898,喜欢
"""很不错,喜欢box set现在工作忙了经常忘一本买这样超级方便`""",0.9083822030416279,喜欢
昨天下单书本已收到，物有所值,0.8176348172091454,喜欢
很不错的书。,0.9452732576852031,喜欢
一直信赖京东自营店。,0.9692350749395592,喜欢
正版货，字迹很清楚京东好棒！,0.9094482220984702,喜欢
帮朋友买的，速度很快赞一个！,0.995395755109787,喜欢
不错！赞一个小孩很喜欢再下次还买它,0.9891140968347827,喜欢
不错，书本责量蛮好的无气味物有所值,0.9813079741845343,喜欢
非常好，京东快递就是棒！全部5星,0.17483670762392112,不喜欢
挺好的，就是包装上有一些损坏,0.4323879849298673,一般
评价订单,0.20621466279522627,不喜欢
针对新课标的辅导书籍，出版得非常及时！,0.9454287452303406,喜欢
还好的，小孩比较喜欢。评,0.6772705698701847,喜欢
"""东西很好,喜欢因为本仙女懒不想每一件商品都样地去写评所以特意了*论。但是这无质量、材还款式肯定中的最后当然可能忘给个宝们购物参考产非常值得买!""",0.45251082820787747,一般
一诺千金，读音yí nuòqiājī。是汉语成意思指许下的个言有价值比喻说话算数极信用也叫出自《史记・季布栾列传》,0.8536373152531602,喜欢
书的质量很好不错哦，值得大家购买！适合男孩子看棒喜欢加油,0.999656518788441,喜欢
京东的书真是很不错到速度非常快说。包装我满意，最主要就质量没有任何破损,0.9665308155086909,喜欢
书本质量很好，孩子特别喜欢看可以说爱不释手天让我给读后会经常光顾！,0.9964704944381108,喜欢
一般吧，都是老叶对得起这个价格建议买高档的,0.9200832742169298,喜欢
吃喝用，现在都来京东！为消费者把关值得我们信赖,0.8875394542823716,喜欢
男孩喜欢，给朋友子买的。9元10本又用2券7,0.5230824394092046,一般
京东的活动，9元十本买来送给孩子陪他度过假期时光！,0.9802524805066481,喜欢
好评，速度很快。书包装的也比较收货后中没有发现褶皱,0.49389219311034316,一般
给小孩买的！还可以,0.5497761651365404,一般
拿到手几天了，工作有点忙。还没看,0.2311317229079215,不喜欢
还不错，看再说吧,0.7793089833111431,喜欢
有点小用处，没事看呗。,0.5398344569796746,一般
这套书的印刷，作选择都不甚够精细前言尚可读。个价钱确实是太贵了！相匹配,0.970997247900416,喜欢
买了一堆书，暑假慢看打对折很便宜！,0.8491084255976499,喜欢
Very God～,0.23082833962758653,不喜欢
"""非常感谢京东商城给予的优质服务，从仓储管理、物流配送等各方面都是做好。货及时员也热情有候不便收件安排间另行同在售后上以解客户忧患除万难我们购体验",0.5200398314059816,一般
,0.5262327818078083,一般
"Thank youvermcftxlsipdbJg,w.DA""",0.8182313426953005,喜欢
挺好玩的一本小书，凑单买只是闲来无事翻原先以为图会比较多但实际也没有少早知道就电子啦。我10-5价话性低了,0.32401598549555444,不喜欢
内容很轻松，好?,0.88864928273217,喜欢
在ap上看到好多装修的朋友都会用这里讲东西、很人推荐本书不想网还是买来纸板有质感插画风格独特喜欢个了腻,0.9997061771513852,喜欢
不错！真心喜欢这本书，收纳的是个大问题更适合已经买房子家庭过一些小知识可以活学用而且有插话看着也烦闷特别易懂,0.9999336641236558,喜欢
书封挺好看的 里面就有点简单了都是图内容基本上公众号,0.8509427788683936,喜欢
很好玩的一本书，轻松做家务。谢京东送货师傅优质服,0.9346235475853967,喜欢
"""非常感谢京东商城给予的优质服务，从仓储管理、物流配送等各方面都是做好。货及时员也热情有候不便收件安排间另行同在售后上以解客户忧患除万难我们购体验",0.5200398314059816,一般
,0.5262327818078083,一般
"Thank youvermcftxlsipdbJg,w.DAG！""",0.8182313426953005,喜欢
产品质量不错，赶到搞活动的时候买优惠力度比较大价格挺便宜值得推荐。,0.7281043494528624,喜欢
没想到双1期间，快递竟然隔天就能收了。很喜欢这本书赠送的是真彩钢笔一看牌子觉得质量肯定有所保证字体、内容都不错！,0.02471120040901842,不喜欢
本书主要围绕LNG液化工艺及储运中所涉的低温装备，研究开发流程过控制设计算技术。,0.9535612416818399,喜欢
包装的很好，京东质量值得信赖一直在买西放心而且快递只有个字“块”嘿！,0.9774689273191768,喜欢
图纸很多，表格挺参数质量也可以。,0.9597535838998329,喜欢
京东的书还不错，这个是从外地调时间也长！,0.7006462944291373,喜欢
看上这款宝贝已经很久了，终于到手挑来去家事实证明我的眼光还是好哟没有 让失望做工和质量都发货快物流,0.9995994519015667,喜欢
书收到了，没有什么破损的地方。本人在机械厂上班天开50、8摇臂钻这几看快一半定参考价值,0.0020306898487256753,不喜欢
书是正品，但不我想要的！钳工实用技术手册结果下单装配?,0.6682989534887591,喜欢
粗看了一遍，很多内容都是不错的复习毕业几年忘差,0.9779405062588269,喜欢
正版书籍，京东自营就是可信时不有优惠活动极度好评哦！,0.13038468810890658,不喜欢
书应该是正版的，纸质量不错公司职工屋添置籍希望员可以多借阅发挥能。,0.9727617643683233,喜欢
好,0.6558628208940429,喜欢
还可以 一直京东买杂志方便,0.8204370561903694,喜欢
一直京东买杂志还可以方便,0.8204370561903701,喜欢
好，很给孩子加深记忆有利于学习。值得购买！,0.9999133710645849,喜欢
看起来不错，跟着教材循序渐近希望对孩子有帮助。,0.9978431226406193,喜欢
"""非常好的一本书,每学期都买孩子很喜欢""",0.9875481039947298,喜欢
实用的工具书，孩子开学必备！,0.8777568221000804,喜欢
物美价廉，满足使用的要求,0.7857142857142858,喜欢
质量可以，不过买错版本了。,0.628934722967937,喜欢
2本半是标准规范，卖得贵了不厚道。,0.17577963687622156,不喜欢
东西非常好，质量正品相信京从来没有失望过快递不用说很给力比在实体店买的惠其他地方放心而且速度还太棒了极！,0.7520116122522809,喜欢
京东半价买的，很不错就是编教材差劲多一都规范还给条文说明考试时候得带原本过去委太缺德了！图里面有体现标准厚度。感觉凑数如掉书格便宜点,0.9060964807894141,喜欢
备考吧，现在难度应该增加了,0.7962184807293756,喜欢
书有几页破损，纸张点薄,0.007867956803763843,不喜欢
书很厚实，重还没看,0.6320055845604434,喜欢
准备考吧，老了看这么多书累。,0.9146417174229619,喜欢
书不错，价格尤其好。囤货还没有过基础考试呢,0.9984745104716073,喜欢
正版书籍，印刷质量不错用了优惠券聊胜于无只是单本塑料袋包装边角有点磕坏,0.6847506642768152,喜欢
非常不错的书，物流也很快赞一个?,0.9973092502893267,喜欢
还为了绿军烦恼痛苦人可怜我是继续不悱发内容类固醇呢快点解放你的康多贾尼福克斯老挝日常居家减肥,0.9999648942453956,喜欢
信赖京东图书，质量好物流快还没有看纸张是挺的,0.9871382127368364,喜欢
给单位买的，应该不错吧,0.796158587291386,喜欢
宝贝很好，速度快！喜欢京东商城,0.9932313850554129,喜欢
物流速度很快，头天下的单第二就到了。京东牛,0.9255894263809403,喜欢
书不错，还有折扣好评,0.8266692980420344,喜欢
送给孩子的礼物，他们很喜欢！,0.9823895875588391,喜欢
非常实用，努力学习,0.9370603367677806,喜欢
买上京东，速度快是正品每次评价有豆当我要好时就用这个粘贴的给差候认真写了！。,0.9974540070081391,喜欢
。,0.5262327818078083,一般
书本崭新，内容全面孩子很满意我也可以看提升一下自己的水平?,0.9914666632574425,喜欢
字典挺好的，著名幺建华老师都说买来试祝我能通过吧！,0.9958422630485189,喜欢
很好，不错希望对考职称有帮助~！,0.9991132693488022,喜欢
外壳上稍有一点磨损，总的来说还是不错字迹清晰书本很厚实内容也全面。好评！,0.9026517568589434,喜欢
东西很好，排序非常科学。印刷质量也不错,0.858461804712337,喜欢
书的质量还是不错，先屯着备用,0.8914802827280326,喜欢
内容涵盖很全，职称英语考试中好用值得,0.9995376677810346,喜欢
希望对我的考试有用。这是经朋友推介～,0.9118808398455932,喜欢
老师指定买的书，字体印刷清晰是正版。,0.9913957497718643,喜欢
嗯、看着还不错，随手翻了哈应该是正版,0.8795000269127271,喜欢
京东优惠价叠券，很划算！轻型纸印刷厚一册却便举若不错的书喜欢快递就用说了又好!,0.7780826276422161,喜欢
厄普代克作品：兔子，跑吧好书再版质量比之前价钱也,0.9977228104566297,喜欢
大名鼎的兔子四部曲终于再版了，定价六十多一本洛阳纸贵？,0.9987096077888673,喜欢
好学习天向上，希望京东越来。,0.9844314585820207,喜欢
值得购买、收藏的书，需要认真阅读。,0.9804051777611584,喜欢
好书，很满意适合收藏的…,0.9703647379136898,喜欢
这套书真是太好了，值得反复阅读的佳作,0.9966881937668742,喜欢
书的品相很好，快递给力评！,0.28251959717071395,不喜欢
书已收到。屯起来，有空看,0.9606823000409314,喜欢
618活动买，平时把想要的都收藏了每年这候优惠券可以叠加使用太合适虽然送货依旧很快京东小哥负责说今天全是书…,0.9154398833965111,喜欢
"""商品评分",0.33820356192146095,不喜欢
,0.5262327818078083,一般
"5请至少填写一件的价买家印象般吧背面可当镜水流大出均匀量很方式多花洒头质好顺畅自""",0.16272420420661415,不喜欢
破损,0.19719101770284309,不喜欢
一直都在京东购物，流如既往地快速货品正版很满意！,0.9748629457723673,喜欢
下次，关于官员的文章合集千万别买没错～,0.12563143413893707,不喜欢
这一本超级好！吹爆它 作为高学生我觉得的答案解析还有翻译都特别准长时间坚持帮助成绩提,0.9923046024590019,喜欢
希望买自营的东西，一个速度快二是方便,0.5737865677904957,一般
书看起来质量不错，希望对自己有所帮助。,0.9253039394555614,喜欢
专业角度介绍相关内容，还不错的,0.9554879907893885,喜欢
很好 喜欢希望京东能够多搞一些图书优惠活动推全民阅读,0.9635893083186347,喜欢
非常好的科普书，孩子喜欢大家都爱看,0.9995809055279451,喜欢
好书，包装不错,0.9247378401665655,喜欢
还好,0.6986352350530262,喜欢
写的不好，多处出现事实性错误。,0.18684489721353215,不喜欢
注册公司 代理记账,0.11364467606304163,不喜欢
趁着双十一囤的，先放在家里慢看！,0.8057954078664634,喜欢
京东双十一入手的，每满20-1再用了3券价格很实惠；对于区块链这新兴事物感趣尤其是未来发展趋势。希望本书能答疑解惑将释清楚,0.9991641253902425,喜欢
宝贝质量很好，用着方便。,0.9212241926665447,喜欢
构建价值互联网的角度看，区块链出现意味着从0到1。正因如此本书章节结与常见体例不同第开始文字货币起源发通过论述人类信息传递和输手段进步说明技术诞生必然性用深入浅语言讲解质、运行原理颠覆潜力以及状未来；2宏观了带新产品机遇包括数金融物一代基础设施3则较为具地在业中可实应场景4后记部分作者对话形式回答读关心问题：离我们还有多远,0.9999999999999993,喜欢
书很不错 由浅入深可读性强喜欢这本让我了解到什么是区块链等完后再来详细评价。,0.9880305316084179,喜欢
"""质量非常好，与卖家描述的完全一致满意,真很喜欢超出期望值发货速度快包装仔细、严实物流公司服务态运送次购希更多朋友信赖．店主特我会再光顾可不以便宜点带来你买。思评价晚了东西！这个是人她贴心让感到温暖热情下还有机合作祝生兴隆乎料谢""",0.9999999622710579,喜欢
物美价廉送货快商品赞！甲骨文丛书太经典了，值得购买!,0.9980500839179564,喜欢
速度非常快，第二天就收到了超赞的！,0.7842440316123506,喜欢
又快要到一年度的双十抢购热潮期啦，京东商城开始满减大促销外加各种优惠券机会难得啊每天早晚夜间只有时。就上a@晕头转向往物车里扔再凑单白在家收递门铃响个不停和新来小哥都成朋友了西感觉买值所流还是如既迅速表扬辛苦！谢,0.017716438453699968,不喜欢
提高孩的学习能力，快递也挺子喜欢,0.8710105586765449,喜欢
（2017春）单元双测 小学数三年级下苏教版JSY,0.9952908576462238,喜欢
凑单买的，还不错送货快,0.8604613089172014,喜欢
不错.,0.8612132352941176,喜欢
挺好的,0.8284246220999102,喜欢
漫画书，还可以。,0.8041705000930532,喜欢
书已收到?很是不错非常喜欢！继续支持京东呵,0.9586026181585354,喜欢
正版图书，值得购买。,0.899955327633692,喜欢
还不错,0.8830153175079881,喜欢
编者是有经验的对外汉语教师，适合现代课堂学要求,0.9998917699615967,喜欢
挺好的课本,0.9538064333613062,喜欢
不错的一本书，值得推荐读。,0.9930567763196533,喜欢
第一次买京东自营的书，物流太给力了很快会慢看觉得不错再来追加,0.7002785145263449,喜欢
很好的书，受益匪浅。推荐阅读,0.9949476575731604,喜欢
挤时间，多学习开拓思维长见识！京东的服务我满意。,0.9990828146097608,喜欢
刚到货，随手翻了先看个序言观点不错,0.819847758277678,喜欢
商品包装及物流速度都很好快给力，文字内容更有所值！,0.9582219213816162,喜欢
熟人看了还是不错的，但这个金钱与生活嗯主要想学一些关于财经方面知识我操,0.9991967771455791,喜欢
凯恩斯的预测失败了?,0.9527709942873223,喜欢
一次买了8本，现在京东发卷少并且多不可以累计减慢看。货从北上海广州仓库,0.011876899664160168,不喜欢
在京东买书很方便，正版图性价比高！以后还会再的~,0.9543115259838778,喜欢
原本在书城看到这套 不全还贵果断京东买纸质厚实色彩艳丽配图生动有趣是每个小朋友都必的寓言故事,0.9956495761468624,喜欢
物流很快，美价廉好评吧！,0.8280014660741066,喜欢
挺好！快递也,0.5733068015324465,一般
这本书虽然薄的但是画得很好印刷也不错,0.9517966842029663,喜欢
书非常好，快递速度,0.6871851170310667,喜欢
这本书读给儿子听时他都说人好傻，挺喜欢的,0.9213140071711349,喜欢
不错的，,0.8612132352941176,喜欢
还行吧。一般书被折得真难看,0.12357972219622582,不喜欢
第一次在网上给闺女买书本，说字很清晰没有味道信任京东以后还会继续！,0.1866955895641772,不喜欢
好评,0.44578313253012036,一般
迫不及待开封，最近迷上了诗歌买很多这是第二批,0.9878983450989324,喜欢
"""蛮好看的书，趁京东618 超级划算感觉哈谢强章泽天太.",0.9223209953931528,喜欢
,0.5262327818078083,一般
"鸡汤还没快""",0.31332928376720914,不喜欢
书还没看，给个好评先,0.22448664863879064,不喜欢
不错的，一次买了4本慢看包装都很好。,0.901588278772145,喜欢
"""优惠券只能买限定书，不怎么样。",0.03919189096642717,不喜欢
,0.5262327818078083,一般
"""",0.5262327818078083,一般
非常好！,0.6558628208940429,喜欢
很实用，还会继续购买,0.8982610157223412,喜欢
焦虑不代表努力，写的就是我自己呀学习,0.900504235634731,喜欢
很喜欢这本书，对于刚进入社会有大的帮助希望能深刻认识到自己以后路也要好规划值得拥、,0.9997179684025135,喜欢
还没看呢，给老公买的,0.4543162880549243,一般
还没开封，留着出差途中慢品读,0.33513676764820177,不喜欢
好书！值得信赖的京东下次还在自营买,0.9973385314169065,喜欢
《中国画技法.兼工带写》是花鸟的新，好！,0.7646045358691071,喜欢
很不错，内容丰富详实非常好的专业书籍,0.9959462788052625,喜欢
618活动买的，用了优惠卷一套那是相当实还没看毕竟讲义应该不错可以系统学习下中医。,0.9592979654085062,喜欢
还可以，,0.5746682977321914,一般
快递送的挺及时，书质量也很好,0.7566740137083992,喜欢
very-god/,0.5,一般
教辅资料一直买京东的，挺好价格也比书店便宜。,0.8792323052566705,喜欢
印刷质量一般，这个版本的《菜根谭》白话文翻译加入了者人理解 没有逐字句释可以和其他相对应地读研。,0.9977273819946062,喜欢
虽然我年纪大了，但是还想学历史于就买这本书。,0.9757077296735613,喜欢
很好，应该是正品自营的不会假。,0.7946639168737375,喜欢
正版图书，包装、快递都很不错赞。,0.9797400151081669,喜欢
这本书的装帧很好，只有五百多页显然不会是史记全部内容。选原著一小分,0.5583127382276342,一般
学校老师推荐购买的，希望孩子好看书！,0.999768147353382,喜欢
不错，儿子说好看懂。对历史很有兴趣,0.994256700266122,喜欢
很好看，京东正版物流快。喜欢,0.9752828657579088,喜欢
书一文不值。《史记》全12本纪、30世家7列传表8，共篇56字只选了…#终于发现这套国学典藏系是装饰品读再也在京东买?,0.9955074070566072,喜欢
收到货的感觉棒哒！好东西，物美价廉值得拥有绝对,0.97940788733164,喜欢
宝贝不错，包装严实是正版下次再来。,0.9819693961340784,喜欢
简单。细节不能详只有我自己摸索过也就是种大蒜头而已繁琐碎产量小如果与反来好，正物以稀为贵,0.9896208177702159,喜欢
书是好，可只有表格没实例不太哦。,0.7933548246270359,喜欢
暑假孩子们看书买还是在京东上比较方便。的种类也很多！各跨店铺满减活动都非常适用，价格划算,0.9987192603593571,喜欢
京东就是给力，优惠大送货快嘻让我抢到叠加券真太高兴了希望继续！,0.5673561498552419,一般
宝贝很不错，强烈推荐。,0.9850639758660127,喜欢
非常好的教材。内容丰富多彩，,0.8797432975893579,喜欢
这本小学教材全解非常的好!,0.98208974211854,喜欢
京东买书就是嗨，今天下手明来目品种多又解决问题好快！,0.20993595777074225,不喜欢
本书按照《语文课程标准》的要求，编写内容丰富信息充足知识点覆盖面全规律方法总结是教材同步学习工具。前预板块提供29种字5解词从4个角度介绍作者多层展示背景帮用们扫除阅读“拦路虎”为深入理做好备,0.9999992805095662,喜欢
很不错的学习资料，孩子一直都在用这个觉得内容非常丰富能帮助好。,0.9945296774469249,喜欢
书中有典型例题，思路分析。还基础知识整理利于学生掌握要领非常感谢！,0.9999899524846049,喜欢
是一本提前预习的好资料，题类丰富！,0.976306472292527,喜欢
非常好，性价比高女儿很兴。,0.9889431093743408,喜欢
不错，分析的很仔细,0.9904342528176437,喜欢
老板人很好，要的有点急给现上架商品谢！,0.33977396686159056,不喜欢
内容非常丰富，开阔了自己眼界。收获很多,0.9928091699262177,喜欢
虽然后了几天，不过也感谢！错,0.5336879490460944,一般
正版，很有用京东折扣力度大划算。书讲解系统对复习帮助式设计合理科学非常不错！,0.999966061600435,喜欢
买到就是赚，书质量不错期待学做！,0.9590720983694,喜欢
书一般，手法单没创新概念不太好。,0.7182694346648002,喜欢
东西还行！说实话我初学者看得有点懵穴位，拔罐标记要拿三棱针刺血真的逼了,0.9827620612221711,喜欢
书的质量没话说，至于内容如何需要临床验证京东配送非常给力很满意赞一个,0.986488144013731,喜欢
可以在家庭学习了解，印刷排版质量也好,0.9639061235218649,喜欢
本书的印刷排版质量不错，内容也很好,0.9703167280519077,喜欢
很实用的一本书，印刷排版质量也好,0.9405322423542467,喜欢
初次接触刺血疗法～感觉内容比较多,0.897293810643849,喜欢
挺好的，比较喜欢,0.9100461897346852,喜欢
内容少了点，不算比较新奇吧！,0.49395559622505103,一般
非常划算，用券买的京东让人放心！,0.9885709242249686,喜欢
又快好，支持京东！,0.8843251457483501,喜欢
太喜欢了，看惯国外绘本换成内的水墨画简直美上海术电影制片厂出品书推荐！,0.7627888951974339,喜欢
这才是中国孩子该看的绘本,0.9513041648103402,喜欢
非常完美的一套书，还带拼音女儿很喜欢京东小哥可爱。,0.999507750503628,喜欢
孩子喜欢，一起重新回到自己小时候。,0.9811327990967128,喜欢
薄的一本，适合大点孩子阅读胶板纸边角很锋利。儿童推荐书单多都是外国作品其实我们家经典动画也丝毫不逊色屯批年回忆和起看,0.9999802788182068,喜欢
非常感谢京东大力发展图书文化，这次活动期间为家里宝的成长购买了好多再平台能到么优惠又实。,0.999032415677319,喜欢
不错，便宜好用。参加活动购买比实体店惠多了现在东西基本都京省钱,0.983793923712893,喜欢
用料非常扎实 做工精细设计合理美观物流很快满意,0.9999374058017342,喜欢
不好看，水墨的颜色太喜欢,0.7673304241859394,喜欢
书质量很好，图画也精美,0.9611792961559061,喜欢
印刷质量很好，快递也！,0.38524173627718983,不喜欢
九十本，连续买了很多。是划算推荐同事也,0.7908381905694932,喜欢
东西不错，都很喜欢啊下次还会买一些的。送人,0.9782686945038971,喜欢
千里迢几经周转很快从上海来到身边，货物完好无损感谢京东各工序人员的辛勤作。书是布面硬精装帧典雅、印良版式设计及纸张选用都先买《冷月孤灯.静远楼读史》看有机会再曾国藩之洞杨度以唐浩明评点家日记奏折信诗文语录等藏系列（一起还了梁实秋舍谈吃价时忘发图片在这儿捎带着供大参考）,0.999999990011002,喜欢
推荐喜欢曾国藩的朋友先从唐浩明评点系列入手，这套广东人民出版社精装很好遗憾是没有《文正公嘉言炒》觉得语录全已（67册加一本静远楼读史共8原价390=15.2折。晚清三部曲4）书低于可以听说用神券做到元真厉害我能格就了,0.9999991692337246,喜欢
终于又有活动了，遗憾此次优惠的书范围些小买着不过瘾。感谢jd送货师傅,0.9067731999730757,喜欢
这几年关于曾氏的书籍在各大店甚至地摊上都非常热销，既如此肯定有它道理买来看下顺便收藏。京东快递给力头天中午单第二货为小哥速度和工作情点赞！近期太多没得及细只发现用纸很棒封面不是布而硬板印刷仿效果,0.6772327386179922,喜欢
看外表没有损坏，内容还不过对这次的运输是很满意箱子偏大被压扁了好书籍。,0.10362936036198767,不喜欢
比预计的到货早，京东速度。书不错收下这个版本慢读吧,0.673107751168056,喜欢
送货快，包装好内容精印刷美字体大优惠多确实下次来京东棒。,0.985934866577933,喜欢
推荐喜欢曾国藩的朋友先从唐浩明评点系列入手，这套广东人民出版社精装很好遗憾是没有《文正公嘉言钞》觉得语录炒全已（67册加一本静远楼读史共8原价390=15.2折。晚清三部曲4）书低于可以听说用神券做到元真厉害我能格就了,0.9999990772337319,喜欢
非常好！送货快可惜卷过期了，要不肯定多买点…,0.7819101289129949,喜欢
很好呢,0.7795229979671993,喜欢
挺好的，印刷质量不错内容参考价值高。,0.9795842571824948,喜欢
很不错，这本书市面上已经难买到农业出版社在一次算是嘉惠学林,0.9912769902409676,喜欢
这种类目的书可不多见啊。,0.5874491713541246,一般
世界的和平与稳定，你时候我人,0.9910540814938825,喜欢
商品满意,0.6692256659901065,喜欢
网上购物选择京东，就是因为流真很棒！包装好速度快送货门递小哥服务态超质量不错。,0.9998818861044497,喜欢
英语老师给我们推荐的，内容简介、很全面里故事有趣六年级学生也可以做一些试哦～强烈大家这款好货！,0.9998742662987951,喜欢
好评嗯而且速度快,0.8421255755885473,喜欢
阅读材料时效性强，题广泛型丰富多样值得拥有,0.9985702783769939,喜欢
很好，速度快质检棒,0.9952006474668819,喜欢
超级划算！好值得拥有下次还会再来,0.9888564663589093,喜欢
是正版，书感觉不错很喜欢。送货快速包装好,0.9946317109223142,喜欢
难度不大，对孩子来说词汇少的可能些。,0.8055076880600766,喜欢
现在家里大小商品都京东买了，不用出门送货到?,0.8282161653845701,喜欢
购买方便，内容详细,0.6609369290810555,喜欢
书的质量不错，印刷比较清晰。,0.9561915028506509,喜欢
自从有了京东…书店超市能不去的都,0.6266320692752114,喜欢
梁晓声的大长篇小说都看了，短也陆续一些这本次性补全非常不错,0.9799364962755718,喜欢
该书本总的来说还是不错，质量可以刚好适合自己要求。,0.9857602446982522,喜欢
"""内容很棒，书也做的精致,喜欢！""",0.9887620475409706,喜欢
物流很给力，看过一本梁晓声的书追,0.6125886554831741,喜欢
书很好，喜欢,0.9174599498868048,喜欢
信任京东图书，是正版包装结实物流很快。,0.880480228213752,喜欢
京东很给力！再赞一个,0.9266937855671538,喜欢
体会不一样的论语！精彩,0.3051688480239664,不喜欢
不错的书籍,0.9527226218927765,喜欢
国内首部日军联队专著，怎能不来一发?照片很多图幅较大也比清晰属于崎峻典型的史,0.8868267695189426,喜欢
总体来说内容不错，科普类读物,0.9997768338572358,喜欢
这本书的品相还是很好，绝对全。也就说封面平新没有折角印刷精致美丽大方当然漂亮啦要到得它正文啊！每一页上都字呢个能看清楚最难可贵规整脱、漏现象出细在已经评论完了至此环节以打高分 接下来我们该些什么内容？包装运输价格觉先从起吧基于几点给,0.9998922614713595,喜欢
经典作品，内容精彩值得购买。,0.9810818895612518,喜欢
《太平洋战争中的日本陆军联队全史》以期间为著述对象，*主要作力量步兵、炮和车研究介绍其编制构成武器装备斗路线与役行动相结合并配关历地图照片讲了各在程揭示从诞生发展直至覆灭过。,0.9999988147704263,喜欢
经常在京东买书，就是因为实惠质量好。物流块,0.9116213171327943,喜欢
必须讲京东这次的外包装太给力了，书内容很好发货速度快！,0.7377813306757836,喜欢
好书！很喜欢,0.9174599498868048,喜欢
纸张质量和印刷非常满意，全铜版厚重工整16开大本字迹有点小但很清晰只是对内容不所以给3星原因文题这史联队的片段而且太平洋战争一个作者章组织结构反规通部历编写应该视角从始到终按时间顺序来（指党卫军、25就样）书照94-此每描参加某型役分之前没怎么发展壮也后去了哪里任何都可能独立完成述至少半篇幅其他并站在略局位置长士兵官生斗经细节基无浏览起感觉奇怪看差别面图美拍摄日自己解各具体情况要为好会选择退货。建议观下靖国神社那取些多,0.9998584058057675,喜欢
不错，挺好的很喜欢。,0.9905528715870958,喜欢
感觉还是比较实用，有一定帮助。,0.735422095866977,喜欢
书的质量很好，内容还不错值得购买信赖京东！,0.9996923815601048,喜欢
孩子非常喜欢，每天都会看几页爱不释手。,0.9114282488457439,喜欢
这个系列的著作堪称经典，无论纸张还是印刷都不错阅读收藏完美。就有点贵！,0.9999595688826618,喜欢
很好的书，几位作者之前品都拜读过不错值得推荐。,0.9996709906173179,喜欢
很好的书，物流快。还会买,0.9398590175424633,喜欢
还不错，挺好的。就是找到总复习,0.9992082078304455,喜欢
内容很好，案例具体巧妙。,0.9756631820040957,喜欢
不怎么好，没想到这薄字体还挺大样整本书的内容就显得太少了！,0.3826256136708339,不喜欢
好评，五星满凑字,0.3515175804877758,不喜欢
买来看啦，老师推荐的,0.9307749679630031,喜欢
有点儿意思。,0.48571428571428577,一般
"""又好，快",0.8125962075411787,喜欢
,0.5262327818078083,一般
"推荐!?""",0.6078556291471525,喜欢
还行吧啊,0.7194444444444446,喜欢
价给便宜，书的质量也不错！,0.9782512546046652,喜欢
书籍还不错，对写论文有些参考价值,0.9887969495366394,喜欢
书的质量是不错，但这个字应该从整篇文章中抠出来专门写单所以有些收笔比较奇怪总体还很高水准,0.8863146903683299,喜欢
蛮好的，知识通俗易懂分析到位虽然~人有点讨厌但管理还是总结。1.全面对于一个初入职场不久来说太深奥也看而这本书则很解释了权威夜渐微凉繁花落地成霜你在我远房眺望耗尽所目光思量自难相忘,0.9999999528953858,喜欢
不错，很喜欢,0.9601924379508338,喜欢
分级阅读，逐步提升水平还有听力给,0.994666649039227,喜欢
速度超快，物流好给力,0.9849269655708176,喜欢
物流太给力了，过年,0.30261801549957645,不喜欢
送货快,0.7581437200416804,喜欢
还不错哦，妈已经开始学起来了,0.9435981201768141,喜欢
印刷清晰，纸张厚实正文字体大视觉效果好物流给力！内容丰富。很的版本五分,0.9883730620683235,喜欢
送货超级快，这就是我喜欢京东的理由！在购物车里放了近一年多终于趁活动下手。值,0.985014938002854,喜欢
好书，有前人注解没翻译。博大精深需要花时间仔细阅读理学入门物,0.9996603071582089,喜欢
送货很快。书的质量好,0.9538265338903029,喜欢
不错，这个装帧很喜欢就是怕耐脏。了解理学之阶梯唯一的朱熹为什么没有收录邵雍语,0.9977141832931675,喜欢
很好的书，印刷清晰。内容棒各方面都满意！,0.9974979905084902,喜欢
国学经典之书，装帧设计也非常好。,0.9715684094628877,喜欢
京东自营！品质保证,0.4936952186507909,一般
国学经典，必读书目很好。,0.9892913657895173,喜欢
物流迅速，价格便宜值得购买！,0.9157592646215569,喜欢
小学生的必读书目，给孩子买回家。再慢一本看,0.8308040845245519,喜欢
画面精美，封手感很特别值得收藏！这是一个长故事的绘本有了图案内容变更加明白易懂。,0.9999118920572693,喜欢
不错，很好给娃囤的京东价格力,0.9812261638670091,喜欢
孩子喜欢，一直这里买书。,0.9067460988499135,喜欢
好,0.6558628208940429,喜欢
书的包装和纸质还不错，没有味道孩子很喜欢,0.9846891490034775,喜欢
一如既往棒哒！,0.44767845850986676,一般
质量杠滴,0.4817680090990051,一般
这本书也是同事推荐购买的，内容符合人教版材实际不仅能增加孩子课外阅读面知识很喜欢！后高年级还会继续。,0.99992988256601,喜欢
和语文教科书是同步的，平时做挺不错增加点知识量,0.9998460870795152,喜欢
第一次在京东上购书，希望是正品。,0.7927107848852396,喜欢
书还可以的，建议包装再结实一点,0.32670100925989465,不喜欢
最喜欢京东的物流了，完爆其他电商。,0.6180404110350423,喜欢
不错，是新版,0.9095508049852397,喜欢
奇文史笔红楼梦不知所谓,0.10405800435768153,不喜欢
书很好，值得拥有。,0.9891312403862931,喜欢
今生世深圳南山笨蛋少男女对你的么哒,0.7793174214782406,喜欢
是围棋老师推介买的，一直在练习这次比赛突飞猛进终于荣升二段了,0.9983833460079411,喜欢
书的内容趣味性十足、适合儿童从入门开始学习围棋。在做这套之前，我们先设计了葛老师卡通人物形象并将头像用封面和篇章页上配“心语”提示等贴话让各个年龄段小朋友,0.99999972124363,喜欢
质量不错，价格合理京东值得信赖。,0.9982314547657727,喜欢
京东购物方便快捷，送货速度杠的评价豆。,0.8974128211917655,喜欢
非常好的东西，下次还会买！,0.7434518547949199,喜欢
儿子就在葛道学围棋 买来做题,0.9878701100875894,喜欢
质量很高的死活题训练集。,0.9544676205975404,喜欢
买错了，难度有点高还得重,0.5073794854030188,一般
喜欢！,0.6994590939824207,喜欢
非常好。一直在京东购物！,0.8637186240659174,喜欢
很好。,0.7795229979671993,喜欢
不错。,0.8612132352941176,喜欢
送货挺快的 ，质量也不错,0.975792531602917,喜欢
绘本节活动京东自营也优惠多，非常棒质量好物流派送满意,0.9931947125906132,喜欢
书的破损挺大，包装也不太好,0.2388136123829433,不喜欢
诗歌都比较短小，内容丰富,0.9838740680908804,喜欢
感觉很好，精装版的一直在京东买,0.9497809711965549,喜欢
京东物流快，配送服务好！学习参考书。用健康的蔬菜粉代替色素小朋友喜欢,0.9999093526911894,喜欢
身体出现有什么不适轻松知道症状了，可以及时避免很多疾病的发生,0.9791735386628135,喜欢
为北邮计算机复试买的 考点都覆盖了课后题也很经典,0.9894696994304844,喜欢
很好的产品，京东自营让人信赖值得购买。如有质量问题退换货十分方便比实体店要,0.9161185547205157,喜欢
印刷质量很好！,0.6924906636640419,喜欢
书到了，还没看每天花一点时间我这个非会计专业的刺客养成之路开启,0.1618936586614289,不喜欢
虽然是做活动，这也太脏了三本书直接放在纸盒里发货。就算去年的边角撕裂和破损实明显很像退要不急用,0.0016177722791974603,不喜欢
"""本没有认真评论过，不知道浪费了多少豆这个福利的很错妥每次都写10字是第N在网_上买东西棒好厉害便宜质量物美价廉放心用开感觉瘾根停下来而且又全划算,方实惠包装也任何损坏会-直支持去。足出户就可以到所日常生活需要食、品及鲜水果简太合适基值得购特意分享给大家.一""",0.9998915395108238,喜欢
应该是盗版书，店家有点不地道了。,0.18419503295738848,不喜欢
"""京东这速度不服行！",0.4142845200825961,一般
,0.5262327818078083,一般
"书错，趁着4月份正式的教材上市前热身""",0.9730874770089268,喜欢
总是在京东买西，每一样都能及时送达质量好价格低导致我不喜欢用其他的网购平台宝贝性比很高之前还有对定最但具特别为孩子、家人物品考虑后选择所以信任希望再接厉做得更大提供多商和服务点赞！卖客仓管老板快递员反正够评。,0.4496253408299622,一般
"""音乐会曲目。学习者可由此对钢琴四手联弹的各类不同风格和演奏技术，有较明晰了解书亦作为多样性教补充材料",0.9998206257004594,喜欢
,0.5262327818078083,一般
"本集册品按家出生先后排序以初、中级程度主选31首第二在半部分编入莫扎特两鸣舒伯幻想汇种型异于一旨扩大视野让我们能更地并宽""",0.9942288056105808,喜欢
好读书，这样的更有价值和意义,0.9212105722591167,喜欢
以均衡认知负荷为研究目的，通过设计编码手段及实验证,0.9998539440113866,喜欢
很快，收到了。不错,0.9561311729684522,喜欢
还可以，发货速度比其他几本都要快,0.9783461994145808,喜欢
买了五本书，唯一品相良好的,0.9389406003755227,喜欢
不错，一如既往的好！,0.9836740559671003,喜欢
错误有点多?,0.4270270270270271,一般
不错。，很好,0.829056346472127,喜欢
还行吧,0.7194444444444446,喜欢
有点老旧了201版的,0.4225854356514732,一般
这是一本好书，值得推荐！,0.9239965002269436,喜欢
内容全面，易懂孩子说对高中学习有帮助。,0.9687992676216314,喜欢
中国语言文学库・典藏：高华年汉论稿，想要的书,0.9930189776521599,喜欢
东西很赞，相信京正品发货快派件员以后还会来的,0.9966189260436745,喜欢
学习,0.8347457627118644,喜欢
包装改进了！点一下赞,0.8842412752303471,喜欢
买了好多，虽然是平装但海豚花园的绘本内容还很经典这些适合4-6岁孩子看京东送货速度没得说现在基就都解决,0.9995943437202599,喜欢
塞北草原，自古乃夷狄聚居之地及至近代始沐华夏文明光。余生于斯长尝感学问不足欲访名师而可得盖此开化未久治者若凤毛菱角路通无法求人己转攻读史籍冀能解惑一二常书店惜处有大既觅网络肆如当亚马逊京东类经年所购几占满房积验论全非莫属外则宜评亦精价格公道邮递便捷态度亲切服务贴心推观留言友多甚慰吾孤以知优秀副其实矣狡欺百安千万？时世,0.9999999994334745,喜欢
"""我们总是感觉到，父母对自己的爱表现为一种控制希望孩子按照规定方式成长。因此常生出逃离原家庭冲动",0.9999952238965191,喜欢
,0.5262327818078083,一般
"但那样经也在个缺乏情交流大腾讯作者尼德罗曾谈80后9指责教养同时需要意识他以及历过多么特殊代（政治运频发集体凌驾于人）除了塑造竭力趋性格之外记忆中留下许隐形创伤继承上辈精神痛将这传递给合理却不正确绝、坚决愿再去受事慎又回反思否能把环境和压抑无带真拥有由而独立实所想价值""",0.9999999950426239,喜欢
很棒，质量好等待和宝贝一起读来了,0.9884901447178269,喜欢
超级有趣的书，不光孩子喜欢看大人也京东券很给力一直买,0.9937125110289073,喜欢
海豚绘本花园的书，经典,0.9830086067768243,喜欢
很棒的一套书，小朋友喜欢,0.9865150859125974,喜欢
生活离不开京东了，各种动剁手买快递真是无人能及而且小哥都超好,0.36697523647637775,不喜欢
很好的书划算，以后有活动还会入手开森！,0.9961182853476062,喜欢
很好，速度也快,0.956910636517817,喜欢
一直在京东买西，物流给力还便宜很多继续支持,0.8964240993112564,喜欢
好书，专业前沿正版信赖,0.9907932777135486,喜欢
一直在京东购买书籍，非常不错,0.9752146439879475,喜欢
很不错的书，送给小朋友也非常喜欢值得推荐。,0.9967186665480757,喜欢
哈孩子自己选的寒假读物,0.7658784291137238,喜欢
书收到了，内容很好孩子喜欢,0.9258163487680153,喜欢
非常好的书，物流很快给力,0.9173538796122581,喜欢
集齐中文版现存全套 估计一个礼拜看完6本,0.904841014316872,喜欢
孩子喜欢，小学生必读价格合适。,0.9702126814018619,喜欢
买了好几本，女儿寒假的书解决京东快捷又方便值得信赖。,0.9635629902597942,喜欢
比哈利波特可能还要好看一点 不过稍微更加低龄些,0.9966191827251826,喜欢
还可以哟，很喜欢开心对得起这个价格值评,0.9732918989270943,喜欢
十分不错，性价比高下次继续光顾,0.9935845027477266,喜欢
包装完好，物流很快非常满意,0.9686068258401532,喜欢
很ok,0.6732684101105153,喜欢
很不错…,0.9006816922432137,喜欢
！,0.5262327818078083,一般
喜欢，的书每本都爱看,0.9704260216434825,喜欢
很好，一直信赖京东！,0.9911022629015038,喜欢
很好的书，不错,0.9673591511957191,喜欢
质量不错，价格便宜京东送货很快！,0.9909190238173662,喜欢
配图和颜色很美！内容比较深，可能对于一个三岁的孩子来说有点懵懂但是总会得愿每都找到自己金,0.9985734048269358,喜欢
京东购物价格实惠流迅速，服务周到商品都很好质量棒哒每一次能买称心如意的宝贝无忧必须全五分评！,0.9950481733574384,喜欢
快递很给力，价格合适书的质量棒正版希望多搞活动哦服务也不错。,0.994817095476325,喜欢
现在买东西基本上都转战京了，大几千的书非常棒是正版质量很好包装也给力乎完无损特别表白快递员态度速第二天就到有还会当日以后继续支持,0.14113957087036477,不喜欢
东西确实都很不错的，已经是长期在这里购物了省多去逛超市时间生活上需要基本能买到还有每次翻牌子动诱人使得我们一又更简直停下来节奏！哈价格比体店便宜点现最重快递送家门口堪顺丰给个大赞以前没认真评过知道浪费少积分听说他10字可福利太好。妥条赚抵金用固定月京和鲜面各种品产质新自从发后对就量及稳只看运气,0.12053287245676025,不喜欢
为什么我喜欢京东购物，因可以当天买自己的商品明就到达客户家中所有评价都相同在西太多积累没最佩服还是流时晚上1点前动手指第二午送单位或者里刷卡付款。营挺保证售后问题打专属热线很赞一句话事儿直接门取件退更换新电个月货半年实体店弱爆了根本竞争力与提并论；比老铺街格省大截票子哈宝平基不逛城能合意超值些显市划算而且模样吃喝生活用哟小贝们快来选吧！既钱又节间~,0.23735899697798613,不喜欢
为什么我喜欢京东购物，因可以当天买自己的商品明就到达客户家中所有评价都相同在西太多积累没最佩服还是流时晚上1点前动手指第二午送单位或者里刷卡付款。营挺保证售后问题打专属热线很赞一句话事儿直接门取件退更换新电个月货半年实体店弱爆了根本竞争力与提并论；比老铺街格省大截票子哈宝平基不逛城能合意超值些显市划算而且模样吃喝生活用哟小贝们快来选吧！既钱又节间,0.23735899697798613,不喜欢
今天刚到的，抢了京东神券一下买好多还没来及给孩子读希望他喜欢。,0.9289504545959841,喜欢
不错，一直用京东信赖！,0.9949108148929584,喜欢
东西一般。物流太慢，北京发的货以为在贵州有仓库！,0.02227176798287689,不喜欢
纸质不错呢，很喜欢～可以的。,0.9619149372801231,喜欢
书封面有些许灰尘，质量可以价格实惠快递速度很满意。,0.9948265991393388,喜欢
封面有些许灰尘，质量可以价格实惠快递速度很满意。,0.9922578037251959,喜欢
收到了，宝贝完好无损纸张厚实一定过。直支持京东什么都在这里买基本今天明狂热者！,0.9056673790106448,喜欢
"""汉语： 我来打酱油的。",0.9642971789056206,喜欢
,0.5262327818078083,一般
"英I'mgointbuyseac.日nを买いにただけぜ韩?德hSjkf法prdq俄Япришлазсоевыму荷兰w西班牙vl意大利""",0.8921959860946527,喜欢
非常不错的，七月份印刷有上半年题希望能考过加油,0.9566953193775823,喜欢
挺不错的，七月份印刷有上半年题希望能考过,0.8674447029862791,喜欢
不错的啊，考点都挺全有感觉买吧！,0.9444371325648856,喜欢
还可以，不错哟哈?,0.8830153175079881,喜欢
不错的成人书，很涨知识？读了收获大京东买质量有保证值得后也阅,0.999852668880659,喜欢
很好，在京东给儿子买了还多书！满意,0.9692560877317294,喜欢
印刷质量好，考点、题和精讲便于学习提高物流速度快服务态很。,0.999726948632495,喜欢
送货快，递小哥服务好给孩子买的希望对有帮助。,0.9931810902806213,喜欢
很好用，里面的小本子,0.8118764261776993,喜欢
不错，以后继续在京东买,0.8709211345181043,喜欢
给孩子买了全套资料，这本连包装都没有打开！,0.332676711503198,不喜欢
速度快，递员服务好！东西不错很满意,0.9956445225585849,喜欢
物流很快。,0.880724359879773,喜欢
经常在京东上购物，价格实惠流超快赞一下！,0.9997398474409154,喜欢
字迹清晰，纸张质量也不错。,0.8740577167906082,喜欢
书很好，快递员给力我满意！,0.7027190163690298,喜欢
好书，结束清楚价格合适！评,0.8104638412881968,喜欢
这本书也可以，学习一下剪力墙,0.788763661767034,喜欢
还是很喜欢的啊。比较详细买了两本,0.8450726346284558,喜欢
不详细比较模糊,0.3494057287695017,不喜欢
一直都喜欢在京东购买西，生活用品办公要什么第-想到就是!又快方便给我们的带来太多利了打开手机轻动指头把搜马上出然后下单支付家坐等收货行除不管发速度和包质量还商无可挑剔必须32个赞,0.985522586431685,喜欢
我要长高在朋友家看的 感觉很好就特意买了一套结果书名主题都是内容真不敢恭维韩国什么思逻辑啊有点糟糕,0.5530337553069387,一般
综合基础知识，质量很好京东做的也赞一个,0.9972992428750918,喜欢
宝贝挺好的，物美价廉！值得拥有接下来就是努力看完…,0.9990434352471792,喜欢
非常棒!一打开就高兴，内容清楚设计好彩色互联网+,0.9896389495559296,喜欢
帮别人买的 表示很满意,0.8513274041375999,喜欢
书不错，很快就到了递小哥也敬业赞,0.9990376372289966,喜欢
京东速度很快，服务好。质量也还打折比书店的便宜多送货上门,0.9684950969994112,喜欢
也有不少帮助。…,0.5728087472096748,一般
很好 给女朋友买的内容全也祝贺她能考上事业单位,0.9918801927576913,喜欢
此书要是在店买就很贵。京东实惠还看想考事业单位的童鞋们首先,0.8516001821276911,喜欢
书的质量不错，内容大概翻阅了一下很精炼马上就考试要抓紧时间开始看啦,0.9998569405661697,喜欢
买本书来充实自己。内容很详细按照步骤，完全没问题加油,0.9870666397497703,喜欢
感觉书里写的很跳跃，自己做应用有点哦。,0.541267451250867,一般
很好，喜欢物理给力！,0.810928909834853,喜欢
挺好的一本书，但是目前cos已经更新可以用来学习些概念性东西。,0.9949751941349521,喜欢
感觉比较精炼，没有废话可以入手,0.8586411714711629,喜欢
专业知识充电准备的，配送很快。,0.952676181326328,喜欢
快递很 包装好没有损坏正版,0.20122639406341825,不喜欢
质量不错，就是没包邮,0.34985058697852944,不喜欢
还没来看呢。,0.4607217836255264,一般
很不错，。,0.9588804843258092,喜欢
非常好，每次都很满意,0.9342708306558616,喜欢
NB/T?42091―6电化学储能站用锂离子池技术规范,0.6337193355855929,喜欢
由于文化差异，外国人并不能很好理解中医。,0.9189045523401849,喜欢
读者好评插图精致超值特惠畅游必备,0.998868720029506,喜欢
京东618购入的书籍，价格很实惠一下这买么多都是朋友推荐阅读看完了再来追评,0.9979993502584393,喜欢
书籍本身完好无损，包装精美物流迅速卖家态度值得一看。,0.9496391149285092,喜欢
京东物流一如既往的快速！但是书籍类递包装还差劲，就只有个薄塑料袋所以经常会导致本封面褶皱脊处破损。之前在某宝网买时气泡膜裹为节省成也不至于牺牲顾客体验代价吧？作购份子希望可做更好and小哥态度很啊给赞,0.9984489478716545,喜欢
听说这个真的很不错，就买了选试卷版为好用拿它也是分两册一完全仿模拟题样子解析满意但人比较懒还没开始,0.9999995708655965,喜欢
很全面，题目解答有不说就连贴心的生活建议和利用明也摆上了～吼棒喔！,0.9920514528760014,喜欢
准备考研，希望这些书对有帮助。,0.9858436879490915,喜欢
很棒，物流快书也好感觉比某宝还实惠一些这本分成三小,0.9731446602130192,喜欢
书是正版，印刷清晰卷子和考试的一样还附带张答题卡很规范。解析也楚重点标识分明看起来舒服就京东快递包装应该加强下什么保护措施都没有本容易损坏但满意物流态度如既往支持,0.9998271927544636,喜欢
"""应该有好多人跟我一样犹豫怎么买英语真题材料，也查了很相关的舆论现在拿到手说下感觉。其实市面上用最就黄皮书和这款考研别小众型可能不错,但两本已经以涵盖同群:对于基础适合快节奏高效率像种刚过四级来所选择偏还是点吃力楼起微尘自己斤数心里信巩固绝没差谦虚吧要怕哕嗦麻烦纸质""",0.9999238967985289,喜欢
很精简，划算的东西。非常满意,0.9888342807875786,喜欢
很多人推荐买的，个也看了相关内容不错,0.9955256754988192,喜欢
很适合前期的复习。满意,0.9991565522801027,喜欢
昨晚才下单，上午就收到书超赞的物流,0.42046726076760643,一般
虽然物流慢了点，但是京东的态度还绝对好给个赞,0.6961536384511152,喜欢
教师节礼物，非常好推荐购买。,0.9822387583551928,喜欢
这本书真好，完无损,0.6501599567165876,喜欢
教辅书内容丰富，方便学习,0.7403540768381452,喜欢
京东物流就是给力，好评,0.4631860478095805,一般
挺好。,0.8284246220999102,喜欢
轻巧便捷的一本词汇书！分类挺好，看着就很喜欢记忆起来也感觉松快了许多。每天学习任务布置合理,0.9999979644397513,喜欢
包括了2018年的最新真题。内容很颖全面，每天学习任务科有序自起来应对如非常不错书！,0.9997224705751857,喜欢
内容讲解细腻，每天任务清晰学习起来轻松自如。很喜欢这套机工版的周计划买全了一！,0.9985009986186472,喜欢
封面清新大方，里内容精湛晰周计划详细到每天任务量。非常喜欢这套书！,0.9997933832446227,喜欢
内容是最新的，同时这个周计划很好每天学习任务轻松有序非常喜欢。,0.991370139426248,喜欢
好书，内容多实用性比较强纸张也不错！,0.8022608460435646,喜欢
包装也是醉了，外破损书上的塑封！,0.0214138387589754,不喜欢
书的印刷质量都很棒，让人爱不释手！1?就是购季囤好慢读,0.9876595516969465,喜欢
还不错，打折时候买的…,0.7688821928518458,喜欢
不错的，配送速度很快服务态好在京东商城买西就是爽啊。加油,0.9995928000881887,喜欢
快递小哥服务非常好，满意！,0.49190160494932356,一般
送货很快，商品好！喜欢极了,0.9645951238989345,喜欢
京东活动买图书优惠，一下子了十几本希望对学习有帮助。物流很给力晚上单第二天午就送到家赞个！,0.8267492341577082,喜欢
包装很好，书的质量可以大概翻了几页图文并茂讲解也详尽期待是自己想要内容,0.9980528162677922,喜欢
还是可以的，深入浅出比较适合初学者,0.9990948237671412,喜欢
"""这本书对低幼启蒙是很好的，种草了久趁着活动下单划算送给小宝当生日礼物。",0.9997002051030146,喜欢
,0.5262327818078083,一般
"人第一课从简字母、数认知开始其实学像形而之印象加深方法图文内容有趣能够吸引注意力又不会觉得太难""",0.9998349076755506,喜欢
适合亲子阅读的书，性价比高活动更给力京东买就是划算！送货速度也快递态很好,0.9996549414388203,喜欢
东西很好哦，比超市便宜一直在京买送货速度快服务信任还会再次购的～,0.9975275952717774,喜欢
横版的设计很不错，封面好看孩子喜欢。谱线间距够宽适合小初学可以就买了一本,0.9976532090843921,喜欢
这本货没到，大概拣的急多发了同等价位另外一看在人员辛苦份上就不追究吧,0.0973902376089264,不喜欢
因为没有内容介绍，买回来才知道是空白的只能给孩子以后学音乐时练习写谱用了。,0.18858915708297042,不喜欢
那个小朋友选音乐用的，线很宽非常不错适合,0.9587246073120888,喜欢
很喜欢京东，每次都买好多西。书老大二的是,0.9516162041352494,喜欢
非常好的书呢，适合初学声乐小盆友习使用,0.6322601530162443,喜欢
这个五线谱本是很晚了，还喜欢妈爱美支持京东相信,0.8329828874921313,喜欢
家中的多数用品现在已经完全依赖京东了，性价比超高送货神速赞,0.9999603241045398,喜欢
一本非常满意的书，值得细读。,0.9816642006731295,喜欢
2015年考过一次，工商管理了线今天想再报名拿这本当复习回顾还不错我觉得仅限于如果没看教材直接靠个估计现实里面有很多点解析但是基础知识够难去的所以非经济专业人士先来书好些几率大祝家试顺利！两色印刷重都蓝标比较显眼赞,0.9999999983969148,喜欢
经济学基础知识点真的是包罗万象，晦涩难懂之前考过一次差了两分复习程觉得度较大。这专门买个书来看里会先做情析概括后详解还有题很全面不些都在你熟教材上进行如果想跳直接从本边然我可能！所以读再更好,0.9999999434545624,喜欢
很好，就是18年考试教材9貌似还没出来。比~便宜太多支持京东,0.977407832789544,喜欢
18年的，不过估计也变化大经济学已定型科了教材成啥样。,0.9916077723548828,喜欢
不错，,0.8612132352941176,喜欢
还不错，纸张质量好讲解很细有划重点。,0.9884651215259467,喜欢
终于收到我需要的宝贝了，东西很好价美物廉谢掌柜！说实在这是~购来让最满意一次。无论态度还对品都非常专业热情有问必答回复也快不少题他觉得烦会认真点向表示由衷敬样可多再正时候包装完整打开后惊喜比想象中竖起大拇指下麻给个优惠哦,0.9994901240895283,喜欢
这书到底是不正版！误人子弟嘛我基础好 ，都发现?上的错如此明显刚看了几页就问题第65、翻2答案解释一下怎么产生输入？印刷还指着导进步呢气手抖,0.00011449218284775853,不喜欢
17年的。骗人，能退么？！,0.02694059355726619,不喜欢
满减活动购买，超级合算京东给力相信一如既往意,0.987186485839865,喜欢
好东西，京品质价优服务值得点赞啊。,0.9961770655205562,喜欢
可以,0.5262327818078083,一般
挺好的，送货很快点赞,0.9943951540628326,喜欢
 精品收藏人文阅读学术权威思想沉淀社会化资深历,0.9998423718364718,喜欢
5星评价是给京东小哥的，敬业精神超一流!,0.9837593376891625,喜欢
觉得还是很不错的，挺好呢。,0.9838372716695853,喜欢
自己看的书笑着也要读完，心仪已久很好感谢店家,0.992455429820337,喜欢
这个系列终于出了，一读起就放不下来,0.8485178576970668,喜欢
刚开始看，有些费脑子呀慢读吧,0.3049267886471916,不喜欢
这本书在购物车放了很久，老早就听说多人推荐趁着次图活动一起买！句实话不赖质量错囤看还是喜欢纸kindle吃灰哈,0.8258986821704574,喜欢
读高中孩子买的，青少年励志书纸质很好内容也精彩值得一看。京东自营物流快送货帅哥服务态度,0.9999663848357802,喜欢
还没有看，一次性买了很多本个来。,0.3550905919723397,不喜欢
"""懒惰是很奇怪的东西，它使你以为那安逸休息福气；",0.8729664083016827,喜欢
,0.5262327818078083,一般
"但实际上所给无聊倦怠消沉剥夺对前途希望割断和别人之间友情心胸日渐狭窄生也越来怀疑。―罗兰 《忙碌与进取》""",0.9989356496847668,喜欢
挺好的，物流快包装,0.8961659571691981,喜欢
京东的书不错，物美价廉彩色挺增加阅读兴趣推荐购买。纸张质量也很好屯了多慢看下次还来,0.9982903481468672,喜欢
书的速度很快，而且质量好发过来时候没有破损一直在京东上买西商品值得信赖想要亲可以下单了?,0.9947265990996247,喜欢
书很好，没有破损快递,0.2461059945598476,不喜欢
应该是正版，习惯性好评。,0.7762568003752504,喜欢
非常有用的工具书，作为参考资料可以备一本看各地报告,0.9828381353142848,喜欢
不错的神话学研究，值得入手,0.9996500297211512,喜欢
挺不错的，京东买西很方便好评,0.9698738147331645,喜欢
不错，好吃,0.8823812149962831,喜欢
在学油画，临摹用的色彩清晰很好,0.9879561473907819,喜欢
封面不错，里的印刷暗淡了一些。,0.9062767839868278,喜欢
"""全五星好评！",0.40056574592354277,一般
,0.5262327818078083,一般
"以下言论不针对本店 京东自营确实没有什么说的，很你是上帝在那死宝卖家也小二。来但前提必须公平正问题经常会遇到受贿和弱智外驻让当时这样虽然态度点更磨蹭一方马扁子情况我推荐处理法：商咕咚里句他们保证发货得（运输途中都算）买补偿要了无谁高兴成功害者心个安慰、圆满""",3.186229670726348e-05,不喜欢
618活动还是可以的，书都也好就火爆送货晚了一天总体满意吧！发票忘记写抬头又不知道下单后怎么修改,0.019281317516193996,不喜欢
王臣不算是大众的，但一直都很喜欢他基本也必买了。书已经成为种习惯,0.9383052592309549,喜欢
"""快递小哥服务很好！",0.4545550733507281,一般
,0.5262327818078083,一般
"字迹清晰，纸张较""",0.581267893288101,一般
京东活动叠加优惠券收入，价格非常感谢。越来多西在购买了赶上实物流快服务态度好售后比其他电商很一开始只是书现家用器也大部分这里的给力基本隔日达包装满意！,0.9970486115914838,喜欢
送货很快，包装的也不错一如既往好评有需要还会再来。,0.9926918698760184,喜欢
书不错，可以当故事看,0.9680685114513563,喜欢
是我要的书。一单订19本，多了点有担心错漏收到后核实没只些塑封容易脏出版社如能先就完美信任京东,0.00011836626490613344,不喜欢
书质量不错，整体！,0.956925393900187,喜欢
好小一本。直对于名人的传记很感兴趣，而且这里面提及我都喜欢主要是字图不算太多,0.9793052543325513,喜欢
完美非常好 厂长的书真很棒推荐大家购买阅读?,0.9976926232399177,喜欢
苏小红老师的书，很有用(?)！,0.995637212750287,喜欢
很不错的东西，京体验还是一如既往好。感谢快递小哥！,0.9846567615939358,喜欢
这套文物中国史丛书非常不错，相当于坐地观看了好多个历博馆图并茂内容详实脉络清晰阅读起来轻松易懂有滋味。,0.9999999083194564,喜欢
就不多介B了，堂主人文盲持搞的大部^影印也是他第一放在V西社出栏碇v已算I因轭A定r只能由版f（然@衡量c否剩750好像太清但少蝻LU我m喜g理解r忍住]。期g苑Q商I比更便宜度使用|券直挺⒓哟饲按未黉N孔W上千起步Y果…p1力啊！意思有cZo可花 砂俚搅匣套K且早拿半年些接受N其想表_希望重回以模式,1.3032045796945724e-06,不喜欢
书的质量好、印刷清晰物流快商家服务态度，五星10%评我是老顾客了谢！,0.08072697983879762,不喜欢
"""商品质量很好，满意配送速度快啊而且员态也非常。"""",挺的实用京东物流哟~希望以后会更多省给力下次还是要选择城没错一起买价格便宜递又专业和贴心可显示位置随时掌握进先！活动期间惠自营值得信赖推荐同事都说继续哈…就个字昨晚10点前单今天早上收到包装购使我们生捷了丰富无所不有优童叟欺""",0.9999831049267998,喜欢
甲骨的书，早在30多年前殷代后期当时纸尚未发明人们就地取材以龟和兽为料把内容刻或上这是。石头古也用来作写甚至将整篇品部著于简牍对我国遗存下有文字竹与木概称缣帛丝织物轻软平滑易着墨幅长短宽窄可根据少剪裁而且随意折叠卷起携带方便弥补本初并完全图三者此外还宋清印到现电子,0.9999997325051699,喜欢
"""书店看上了这本非常好的，一直想买可惜但是太贵又不打折回家决定京东",0.8709367256610202,喜欢
,0.5262327818078083,一般
"果然有扣。毫犹豫下速度快从配货到送也很具体递收包装真没拆开过新以说无论自己阅读人藏还都面子特别精美；各种十分虽着相对简单遑多让塑封完整和底设计、绘图画我觉得细腻而且价值套致推荐大购 帧纸张干净文字排版起来舒服惊喜欲罢能每捧时候似乎够感作者保留把品呈现在前""",0.9999999251633056,喜欢
品相很好 快递满减购入比较划算,0.9887904308648976,喜欢
这套书本完全超出了我的预期，它绘画非常精美一看就是大师之作不简笔哦！像油般细腻色彩搭配柔和。比那些粗制滥造儿童图好太多嗯纸质错没有什么异味女很喜欢然后呢十三岁子也对爱释手孩提高兴趣帮助为证另外他内容丰富共70小册分别介绍动物食知识点要易懂既学启蒙又百科亲犹豫啦家才选真,0.9999999121703113,喜欢
本书第一版曾获得郭沫若史学奖和首届政府图，时隔6年做增订。全六万余词条是已通行半个多世纪的《古今地名大辞典》两倍以上字数也为其三由*历研究所室主持编纂著泰斗谭骧先生任顾问国有关单位力协作二十八易稿而成注意吸收最新果反映水平纠正了往同类工具中许错讹无论规模质量都达到当代之就价格过于昂贵,0.9999037174390613,喜欢
书还没看，包装挺好一次性买了多本准备慢带回家给孩子。,0.6797863548031864,喜欢
搞活动时候买的，质量如何有待间验证但是包装水平必要改善。,0.15584381680815818,不喜欢
一直在这里买，特别好推荐大家继续活动合适物美价廉,0.9829582558183683,喜欢
非常喜欢，很好。愉快的购物体验感谢！,0.9863172953703797,喜欢
比书店便宜。,0.6395253278337143,喜欢
孩子喜欢看的,0.8991425823850696,喜欢
怎么没有开发票？,0.1747599402408172,不喜欢
学习看，挂图还可以希望有帮助,0.8915908699902629,喜欢
不错，学校让买的就顺便了一堆希望对孩子有所帮助质量也都挺好没什么味道！,0.9970092606842244,喜欢
我是们村第一个网购人，这里大部分都不的他买东西价格般会超过两块听说在京整子震惊了长跑到家对爸你疯？媳妇跟闹离婚日没法啦面重压力下依然坚持要相信月工资白花终于快递怀着激动心情颤抖双手打开包裹啊！呆颜色感质量只恨读书少无用华丽词语来形容它举骄傲站口沸腾更有喊如果给看就跳井吓赶紧收起宝贝立刻前往海拔10米使完后全羡慕眼光中昂首挺胸扬而去老婆送出还多几,0.411796041528413,一般
不错，孩子非常喜欢可读性好,0.9811923309760793,喜欢
老师介绍书籍，注音版小孩一年级易读碰上618活动购买大批价格实惠送货及时如既往支持点赞京东,0.9999945787712597,喜欢
不同的出版社 相内容买了两本都是小故事错所以退打算送给朋友孩子,0.9357473625007404,喜欢
一直在京东上买西，不错挺好的质量也用时候很方便快！值得信赖,0.9998969444835282,喜欢
真正的版图书，孩子很喜欢看中好词句都有明确备注容易记住。,0.9999465406365181,喜欢
宝贝相当不错哦，非常满意给分！告诉大家的。质量好与卖描述完全一致服务太棒了考虑周到超出期望值发货速度快包装仔细、严实物流公司态很运送,0.9999506501384258,喜欢
买回来小孩子一直就在看，他很喜欢注音版适合年级的,0.995207394445793,喜欢
618买的，包装严实是正版经济惠。明年继续抢神券…,0.9168423705370193,喜欢
京东发货很快！非常满意,0.9444689067354437,喜欢
物流很快…性价比高,0.9906127991508527,喜欢
送货快，非常方便下次再买,0.6872337114488182,喜欢
刚给 v,0.3493789163851936,不喜欢
孩子很喜欢，就买了质量好是正版值得购,0.9748265993196088,喜欢
孩子很喜欢,0.9280431223366102,喜欢
满意,0.7053469852104663,喜欢
物美价廉，送货上门好评。,0.703455045142003,喜欢
很好，质量速度快。满意,0.9771851407846736,喜欢
"""幸好买得快，断货了等金爱烂诺贝尔奖我就发。",0.785739310515417,喜欢
,0.5262327818078083,一般
"不可能那会儿这本书都怕见""",0.2701626779614468,不喜欢
京东就是快 很喜欢书,0.945031662388094,喜欢
京东物流速度很快，书的质量上乘价格实在是优惠。靠谱,0.9682680706704262,喜欢
还没看a,0.31576774737571767,不喜欢
很赞哟，多关注.,0.9877553592190538,喜欢
不好看，内容太差,0.05911131925495594,不喜欢
"""京东1搞活动 正好刚需买非常划算了",0.6188538350820851,喜欢
,0.5262327818078083,一般
"一直在书的时候值。""",0.650251258260035,喜欢
东西收到了，物流很快赞一个。包装位非常满意书好精美唯没中不足的就是太薄下次买我会看这购高兴还上京,0.9989730967464152,喜欢
看了一些日子，这本书的内容还是比较全面从python到金融知识都有涉及适合入门人吧。挺厚希望完所收获给个好评！,0.9997289250821222,喜欢
塑封拆开面很多划痕，这是为什么呢？大致浏览了一下内容不错覆盖全好学会有收获。,0.7390333091109892,喜欢
品质不错，价格实惠包装完好无损京东物流速度超快购体验舒畅。,0.9999797095584059,喜欢
上个月刚出的新版图书，印刷质量很好。50多页厚一本Python基础知识统计学占半略微不足,0.9994991654387676,喜欢
确实是精解，从历史的角度读淮南子说出了普通人不能注意地方作者有自己观点和看法。比如刘安怎么死成仙还神话故事那一段很深入这本书同于般译与众雅俗共赏,0.9999995355611929,喜欢
中午定的傍晚就到，而且京东快递员服务很好又细心,0.9764267653722183,喜欢
质量很好内容经典，非常满意。,0.9314606613269566,喜欢
孩子学校要求看的。书质量不错，字迹清楚是正版,0.9988584604778089,喜欢
是一本好书，读后感触颇深。,0.9979740360532212,喜欢
这一套书其实还不错的，就是没有拼音年期看话学了但个课外阅读我们里建议买好几都按照参考目录广东西部沿海茂名。欢迎大家来做客！,0.9982883901736072,喜欢
彩色，有拼音适合一年级的小朋友阅读到手后可开心了这几天都完。,0.9967588663893031,喜欢
一边听音频看，孩子很喜欢法国人的漫画也浪,0.9847844595211659,喜欢
购物这么多年，最恶心的一次请大家擦亮眼睛你们出种书简直是对原作者极侮辱盗版也就罢了结果还再里面乱改无良商,0.0013651946960714367,不喜欢
趁打折屯了不少，十四只老鼠画风很美故事简单但是温馨宝热衷于去封面找认科学绘本字多全三岁看略早现在喜欢医生系列,0.9999916736203616,喜欢
全新的很好,0.9181448459507149,喜欢
印刷很好，质量不错喜欢,0.9634507626353223,喜欢
满减活动买的，折上优惠力度蛮大比实体书店便宜多了。,0.5971091340807123,一般
不错，书的质量很好推荐给大家,0.9762533124828382,喜欢
书的质量不错，内容也还行慢学习吧希望能用得着继续支持北京大出版社,0.9864955744757448,喜欢
专业书籍，特别好用值得购买,0.9816516855093945,喜欢
挺好的，一次不错购物体验希望京东能在流、发票等方面做得更。,0.9911144078482279,喜欢
不错 内容充实质量好就是贵啊要有电子书了,0.9823801589903305,喜欢
书的内容很使用，印刷质量也挺好不错。,0.9708500944425593,喜欢
拼单买的，还可以吧！物美价廉,0.6887969712618717,喜欢
宝贝收到，京东自营图书一如继往的信任支持。赞！,0.8452596155766643,喜欢
很好的书，搞活动购入经济实惠可惜不是一版印。,0.9787263654799188,喜欢
可以，活动价买的确实便宜很惠。,0.8057669452943234,喜欢
几年前出过大精，这次上美又平装阅读本觉得套书最好。经济实惠不贵,0.9997894914353527,喜欢
好，名家绘制故事性强值得拥有。,0.9999581870661358,喜欢
很好的开本，快递给力,0.31338890809445186,不喜欢
非常精美。满意！好书新相当优秀价格便宜没过度包装,0.9859975030309404,喜欢
没买大小精的，这次阅读本绝对是个不错选择！,0.8769843368457003,喜欢
很好，凑单用的。上美正版画太一般,0.9092306619034827,喜欢
还可以，送货及时！。？,0.601409243897471,喜欢
老师推荐购买的，对孩子学习应该有帮助但书套小破损不影响使用就申请售后。,0.8445701748783507,喜欢
京东送货速度天下第一，自从用了就没停止过剁手支持啊书还是不错的正版抓紧看吧,0.9972507948477427,喜欢
学校老师推荐买的。很好一套书面英文，中方便阅读,0.9977762574836324,喜欢
孩子很喜欢，一本个小故事看的同时还能学习知识赞,0.9999230794642394,喜欢
书本质量很好，孩子喜欢。用着舒心妈买放,0.9797951458986169,喜欢
这期内容很丰富，与教室专业成长有关,0.9987539052365896,喜欢
发货很快，印刷也好方老师的著作正在学习中,0.9995856833894171,喜欢
一本悬念重，令人倍感意外的书故事紧贴时代想象。几乎口气读完了消遣好值得推荐,0.9999676703893775,喜欢
还没拆封，质感不错的书！,0.808019781147469,喜欢
好书收藏一下！,0.8667972845968108,喜欢
素有“小丁飞刀”之誉的学松是清淞医院神经外科中流砥柱， 拥极为敏锐洞察力与超一技术。然而女友托付给他个病人却改变了命运―那本简单台手不想在动时竟意昏迷等到醒过来发现自己已将部分脑组织切除导致对方直接死亡,0.9983502948613516,喜欢
物流快第二天到了，这本还可以吧一直喜欢悬疑推理类的书,0.9988579439257532,喜欢
在朋友那儿读了几十页，情节挺吸引果断买一本。记忆会改变个人性格想到电影《蝴蝶效应》有时候的痛苦来自于太好所以金鸡里吃药删去,0.9999909609366272,喜欢
很棒，喜欢没有破损,0.7478206032313167,喜欢
喜欢亢霖老师的书,0.9486934167726055,喜欢
"""帮领导下的单，",0.30242663609633413,不喜欢
,0.5262327818078083,一般
"说要看这本书。""",0.5259373987553857,一般
霖，“70后”生于兰州现居北京。媒体从业者某中央主任编辑爱好写作文风平实自然情节跌宕起伏善用温和的笔触剖析人性深处与恶质朴字承载天马行空想象,0.999999999995254,喜欢
这次买了超级多的书，信任京东又快好关键活动还给力会再来,0.6394823492134957,喜欢
挺好的非常棒！,0.9881602910312295,喜欢
书很好，质量非常坚持学习使用,0.9557317832225195,喜欢
孩子很喜欢，没想象的厚,0.7891798609838906,喜欢
到的真是快啊，够看下一个双十了哈。,0.8317360884998592,喜欢
不错的一本书，但好像搞见了,0.8676045551820017,喜欢
书不错，比我想象的薄。而且新没有封过问题！,0.9136506085500109,喜欢
图文并茂，有参考价值！,0.9765390688616027,喜欢
您没有填写内容，默认好评,0.01959808578924438,不喜欢
"""风樯动 龟蛇静起宏图",0.2931102520208688,不喜欢
,0.5262327818078083,一般
"一桥飞架南北天堑变通途更立西江石壁截断巫山云雨高峡出平湖神女应无恙当惊世界殊""",0.13734180626568482,不喜欢
很好的一本书 印刷精美纸张直信任京东送货快服务会支持下去,0.9438472556620701,喜欢
这本书，比较系统地介绍了计算的有关内容值得推荐,0.821683282192456,喜欢
收到货了，速度很快质量好赞一个！,0.9795825475315767,喜欢
很不错的书，这类比较少。,0.9553140524314082,喜欢
理论性强，但是作为资料保存起来也很不错,0.9879495475214929,喜欢
不错，经典书目。 值得买,0.9890018536628455,喜欢
书挺不错的，配合R语言讲,0.9959495712646829,喜欢
这一系列的书都很不错，推荐下。,0.9869884452162189,喜欢
哈,0.5262327818078083,一般
女儿很喜欢这个系列，已经收齐了！京东就是好,0.9457992291130424,喜欢
这次购买了很多书，满10-5的活动确给力够我看一阵。起要本才花6左右非常意质量好都是正版发货快晚上拍早就收到递员服务辛苦信赖京东！,0.9993585049469379,喜欢
在京东买的西就是放心，速度快质量又有保证祝愿越来好。,0.9974605530920084,喜欢
是一本好书，首先印刷质量不错内容个人感觉比较适合我这外表善良实则懦弱的家伙~,0.9987450353231925,喜欢
这本书的第一句话就说到了我心里，你以为善良其实只是懦弱,0.8674335491298705,喜欢
买了几本书啊，都挺不错其中一要送给女朋友的?还没看知道怎么样。,0.9863069074789336,喜欢
挺好的 还没看等有时间再应该不错,0.9327518552188051,喜欢
最近有点浮躁，都没怎么看。但是这个价买的值书很好字也清楚,0.978087227714588,喜欢
你的善良必须漏出些锋芒，读！,0.9700426880787156,喜欢
东西非常好，我很喜欢！都是的书价格便宜。,0.9628105010743593,喜欢
华盛顿，他的名字是美国首都头像出现在总统山和钞上我们知道缔造者、第yi任但这被神化赫声之下究竟怎样一个人？从奔走于北荒原年轻军官到独立战争枪林弹雨中司令再共位历尽曲折路来本书要讲故事就真实而平凡如何成为创史伟。,0.999998804881684,喜欢
1、完工确认收入：按已产生成本占总比例；2绑定销售时，即使名义免费的品也要分配价值记3并购多支付款但同让被方高买主体以做大4旅行社之类公司能否将所有纳进来取决于风险是转移至5低出业务给予其他好处6利用重组等一次性活动经营计（非）从而得7%控股和润表9在栏中扣除8照会准则0或亏损权益法若违规操作可假式采隐蔽手段如委托母对子不存施加影响力资负债上市持票涨增当化常放现金流,2.3576369164723943e-05,不喜欢
不愧是中信出版，必精品了解下美国的开元勋,0.9998581436947733,喜欢
客观真实 有高度！外国人写传记，不会只好的这方面值得中学习。对比其他版本个最看反复,0.995881375105455,喜欢
书很不错，活动价给力快递也好赞。,0.9950824876815184,喜欢
不错的书，好读！印刷很,0.9852971989440058,喜欢
新书可以好看吧！,0.8404277372521658,喜欢
了解美国历史的好书，值得读京东送货速度一如既往地快,0.9994856084434461,喜欢
挺不错的，就是对于华盛顿战役描述够多,0.9923831831979447,喜欢
甲骨文美国开系列作者新书，中信今年还会出两本值得收藏,0.9996865455950208,喜欢
性价比高，内容质量均佳。赞！,0.9952820972428994,喜欢
买过很多次了正版质量非常好,0.7686776947703668,喜欢
好书，内容详尽实用一直在买。,0.926387318871858,喜欢
}十分典型，与物理书上教材相同,0.15843378685009202,不喜欢
内容丰富，许多课堂上没有细讲的都。还一本小书归纳了平时所学知识很方便、实用！包装好服务员对自己工作负责认真送货速度也快满意,0.999675292389938,喜欢
很不错，实用性强京东购物已成为一种习惯愉快的。,0.9650745916433863,喜欢
用券后很实惠！买了多，统一好评,0.9889280764780465,喜欢
为下学期提前做准备，内容实用,0.6708020251449748,喜欢
不错啊，孩子一直在用,0.948812395121861,喜欢
书不错，但有折损希望下次再购买会这样,0.9820514137596543,喜欢
不错。挺好,0.9642527132595317,喜欢
很赞,0.9539897281298361,喜欢
装帧精美，发货迅速一如既往地好！,0.9757463092878653,喜欢
东西很好 会考虑回购。,0.5297079456055069,一般
质量不错，购物便捷,0.9972015021288765,喜欢
不错。,0.8612132352941176,喜欢
早上十点到下午四，这就是京东速度～,0.6689029890883571,喜欢
快递给力 书也是全新的,0.5698179178146364,一般
很好的专业用书，没毛病评,0.6938438473935947,喜欢
很好的一本工具书！,0.9304240359391692,喜欢
好书,0.7409000653914325,喜欢
孩子喜欢，质量不错！一直光顾,0.9757469957608593,喜欢
儿子喜欢你的书，漫画版本,0.9585277096786398,喜欢
胶版纸印刷，内容生动有趣可读性强。大16开比秘密武器系列一圈,0.9928158990586624,喜欢
这几本书刚到家，上一年级的儿子就口气看了两是孩自己提出来要买所以爱不释手啊！在京东又便宜正版发货快当天拍第二,0.9961248719496116,喜欢
京东购物真好，方便宜快捷！,0.7797428512950224,喜欢
图书活动购入，划算孩子喜欢的漫画。,0.9982647040232792,喜欢
正版没味道，小孩非常喜欢看大赞很,0.9656475869582146,喜欢
挺好，京东商城服务没的说会继续支持,0.7440737515913364,喜欢
书很好！让孩子提高阅读一边看漫画学习棒哒…,0.9935173406975996,喜欢
专业书籍，看到名字不错粗略翻阅了一下希望细后对得起这个,0.9964923339595362,喜欢
北京电影学院很好的毕业作品，里面多剧本和阐述可以来研究短片,0.9999182068834771,喜欢
一直在京东买西，也很相信但是现这书啊越来贵线客服牛真店大欺并且象gupiao似的天三跳。会气杀熟我们开了ls员贪图方便不找事户,0.001491003074429842,不喜欢
好书啊，学点知识！,0.940267781236728,喜欢
挺好，没什么问题～,0.7489435100263726,喜欢
不错，值得购买一直在京东商城物主要是售前中后服务好！,0.9935474069356086,喜欢
已收到，效果不错很给力赞,0.9868246178213015,喜欢
很棒哦。！,0.8521129680229954,喜欢
还挺不错的 值得一读,0.9940347840727657,喜欢
很好可以值的研究,0.9446080866152229,喜欢
书本很棒，适合九年级学子使用符考试内容知识的重难点也标得清楚仔细。建议生党购买哦真对我们习有大帮助中加油,0.9999810788603811,喜欢
"""很喜欢在东上网购 真的不错比其他店实服务好还会介绍朋友来",0.938100261403702,喜欢
,0.5262327818078083,一般
"非常感谢京商城给予优质，从仓储管理、物流配送等各方面都是做。货及时员也热情有候便收件安排间另行同售后以解客户忧患除万难我们体验ThankyouvermcftxlsipdbJg,w.DAG""",0.6660692770777505,喜欢
不错，书刚来到就开始做了题都非常好大爱。,0.9042751897718218,喜欢
很满意，是正版还有答案解析。孩子需要的,0.9990934060662803,喜欢
不知道好，帮弟买的,0.4575495720376359,一般
还可以来着qw,0.5488180064031624,一般
图书印刷质量很好，物流快递包装没有损坏。京东“每满10减4”买的一次了2多元共节省8相比店折扣还要便宜些对孩子学习帮助喜欢下再来点值得信赖！,0.9411141396773413,喜欢
知识内容丰富 实惠不贵的很适合初三同学们,0.9994964399961779,喜欢
书还不错，但是知道为什么印刷时间2017年3月却8版的里也没有中考题。,0.9422856258650049,喜欢
不错,0.8612132352941176,喜欢
好书，买的及时专业正版学习,0.9615611183148495,喜欢
从法文翻译的植物科普著作不多，这个读本很错内容丰富值得一。图书为精装封面设计挺特别只嫌纸张采色味道较大次快递包是最简单了袋子过链各位小哥有爱心竟然没点受损赞,0.9999740240061754,喜欢
就考虑兔用例如吐的Emyw好说切让送上,0.6426505283611623,喜欢
"""铜版纸加上丰富的彩图、还有好玩翻折页让书变很趣。只是稍为反光和偶在深色背景黑子时不太易读",0.8418718164952075,喜欢
,0.5262327818078083,一般
"所人都住近海边，田野观察应该比较容做到（严格定义就算市区公院花圃小池溏也虽然物种度要少多可能鳟鱼老鼠外哺乳动）昆虫一些鸟类难找""",0.9630605513409346,喜欢
值得信赖的京东，称赞物品是扬小哥！,0.9742996801868044,喜欢
买书给自己充电，不错！,0.8136581218148714,喜欢
分类比较全，字体大小印刷都还行,0.9329273680642522,喜欢
确实不错,0.9134387957509301,喜欢
很好看的书,0.872712997120249,喜欢
很喜欢，质地柔软就这种纸书二建过了一抓紧时间备考,0.9981825897292242,喜欢
经常网购，总有大量的包裹收感觉写评语花掉了我时间和精力！ 所以在一段里是不去价或者随便但又得好像点对住那些辛苦工作卖家客服、仓管老板。于下小话给能拿到五星宝贝面示谢尊敬首先性比很高每次都会试用再虽然定最同等位绝表现棒京东配送流货速度快员务态样西上门希望接厉做更强提供多为商品赞,0.9274505621672352,喜欢
超值，啥都不说了。,0.8575248493672529,喜欢
常网购，总有大量的包裹收感觉写评语花掉了我时间和精力! 所以在一段里是又得好像不去价或者随便但点对住那些辛苦工作卖家客服、仓管老板。于下小话给能拿到五星宝贝面示谢尊敬首先性比很高每次都会试用再虽然定最同等位绝表现棒京东配送流货速度快员务态样西上门希望接厉做更强提供多为商品赞,0.9054118249185197,喜欢
书的质量很好，内容整理了近年真题排版不错虽然有答案但是缺少分析对于非专业人士来说点困难,0.9999690489127615,喜欢
入了这行必须学点相关法规和知识，书是同事们推荐的慢起,0.9782114614834493,喜欢
努力吧，少年给自己加油！第二次购买了,0.9976223318830136,喜欢
终于收到我需要的宝贝了，东西很好价美物廉谢掌柜！说实在这是自从购来让最满意一次。无论态度还对品都非常专业热情有问必答回复也快不少题他觉得烦会认真点向表示由衷敬样可多再正时候包装完整打开后惊喜比想象中竖起大拇指下麻给个优惠哦,0.9994901240895283,喜欢
学车考证・通关宝典：新驾全套资料速查手册（第3版），这个书是很多校的指定培训教材内容非常丰富而且比较完备都点和要所在里面图片标识彩色印刷以看起来也舒服排不错。一偏黄纸张上会更些知道薄了有几页明显到背影响观感虽好但发给我本身质量问题最近京东塑封没旧折痕脊胶可能装导致翻顺畅用力压话靠文字无法部示得退换,0.0014554399385157124,不喜欢
职称考试了参书，内容丰富点大纲充实必备希望能过,0.9975861147675297,喜欢
书收到了，感觉内容丰富希望一次过关非常好比店便宜,0.14167734276202337,不喜欢
包装太差劲啥都不想说了，就一个袋子新书成旧的啦,0.013296827416435009,不喜欢
希望我护师考试一次通过,0.6795910579025632,喜欢
还好，希望助我一臂之力。,0.9159133909741863,喜欢
书包装完整，字迹清楚,0.8153472463345331,喜欢
看视频吧。,0.9074353778119317,喜欢
京东配送就是快！质量好，内容佳不清楚眼科学人机对话还笔试？,0.7654103726145393,喜欢
质量好，内容权威备考必。就是不知道眼科学笔试还人机对话啊？,0.9834121039449614,喜欢
快递包装材料没弄好，书皮表面黄的也有小破损纸张还可以不知道是正版就,0.008961480933230459,不喜欢
给媳妇买的，说不错应该是正版。没什么问题！,0.29644349514315504,不喜欢
很好，希望有所帮助,0.8038878544850425,喜欢
好的，字很清淅。,0.8033882186833144,喜欢
这本书有点薄，但是用来上课的个程挂了好多人,0.8451791109322796,喜欢
对于京东商城提供的产品和服务表示非常满意,0.5851312833257304,一般
了解世界时事动态，拓宽视野值得一睇送货很快京东信赖,0.9999864523662755,喜欢
配送用了四天，书有点褶皱其他还好,0.2689126208316859,不喜欢
好红火恍惚呵哈,0.7210454175796683,喜欢
非常好！,0.6558628208940429,喜欢
内容丰富，见闻时拓宽视野,0.9948450477532476,喜欢
很不错，真的啊,0.9213290985071496,喜欢
好，就一个字,0.5843284398114484,一般
还可以。，,0.2491058313982275,不喜欢
通读《大摩擦时代来临?》，有理、据节分析透彻主旨尽可能地“化戈为犁”中国经济体与美导的世界系形成了一个巨共享荣存局面。倒逼进步*开放以适应新变承前启后继往[强],0.9999995220729753,喜欢
好,0.6558628208940429,喜欢
正版 ！是看过才来评价的祝我这次一定考,0.9678095286881048,喜欢
包装太差了，纯书其他的都还好就是没。,0.21066833175364663,不喜欢
东已经收到了，跟实体店一样的可是却便宜好多棒评,0.870580241513037,喜欢
准备5月份考试，努力一次通过加油！,0.9920938817448266,喜欢
初级会计实务看起来超好，要考证开心祝自己运。,0.9993852913633584,喜欢
先给快递小哥点个赞，宝贝还是一如既往的好,0.986635573848095,喜欢
第一次在京东买书，收到很失望经济法本不新页面都卷起来了！包装也简陋没有用纸箱盒子快递容易把弄坏那个得旧。够只实务是拆开的还点就四试题好正品,0.0037065594368917987,不喜欢
备考2019 初级会计职称8官方教材+东奥轻松过关一历年真题（套装全,0.999999862571197,喜欢
个头小份量轻方便携带，可以随时翻看强化记忆美中不足的是书后有折页影响观！其它服务都很好,0.9998127805827499,喜欢
前一天晚上买 第二早就到了太快！救我因为要写文档,0.46289896599279856,一般
图书质量很好，内容也不错京东物流真是快,0.9748271089814989,喜欢
这本书对虚拟跟现实进行了深入分析，还归纳出来8大业领域相关内容、技术发展水平和际应用情况讲解的很详细不错一。,0.9999950202667193,喜欢
很不错的一本书，仅对行业进了分析而且还有案例展示、配图介绍详细支持给好评。,0.9995201326060972,喜欢
一次愉快的购书，不仅本内容丰富实用物流速度还能get到很多小技巧好评！,0.8431917459305177,喜欢
有好多用的案例实操，还很给力知识点AP功能、特色营销技巧等不错,0.9984894099566283,喜欢
灰常好，速度快价格优惠赞,0.9926950846974125,喜欢
好哟的。物流很给力,0.7647908708612804,喜欢
看完书学到好多知识呀，案例分析的特别位6~,0.9987331992193104,喜欢
挺适合VR部的小伙伴,0.9176700731280227,喜欢
整本被折辽,0.057922003557204005,不喜欢
很好的书，翻译流畅作者构思精巧娓道来值得细品味评。谢德林是现实主义讽刺大师他常针对当时人和事进行含沙射影或指桑骂槐式幽默被称为“带着鄙视愤怒笑”此次由上海文出版社推张孟恢《集》本不错硬装脊锁线处理纸质优良排印刷舒服珍藏,0.9999999998682219,喜欢
京东图书满30-1，配上文学券再减6,0.23137784866860478,不喜欢
送货很快！一直非常喜欢策兰的诗，买了套装帧漂亮慢看,0.9999898976134189,喜欢
保罗策兰的诗配这个封面很搭,0.9873205854894003,喜欢
保罗策兰全集终于出啦,0.9769201140781878,喜欢
书已经收到了，保罗策兰的诗写很好这个质量也不错翻译还,0.9997794362056183,喜欢
现在的包装都这么残忍啊，还好我没事,0.7964845780284866,喜欢
好书，最近天气冷刚可以读,0.7831922724281545,喜欢
保罗策兰的书，出一本收,0.874375719431831,喜欢
期待已久的好书，京东正品值得信赖。,0.9995722684696533,喜欢
正版，质量很好,0.8278809207547035,喜欢
挺好的！就是女儿说只有2本看得懂,0.7929876188834635,喜欢
包装精美，书本事就更不用说了听介绍买的好,0.8489398796334878,喜欢
孩子六年级了，很喜欢这套书对他帮助大,0.9958106256878114,喜欢
东西很好实用，物流快小哥态度也,0.9033513046794007,喜欢
收到啦！质量很好,0.41831880032290736,一般
挺不错的！,0.9401948468541813,喜欢
内容不错，等细看中好学习,0.9795036241282216,喜欢
不错，抢购时买的还参加150-活动叠了2券超值,0.9987947794436017,喜欢
味道非常不错，还是自己做的好吃点。,0.8342488457802815,喜欢
不考试也可以买来学习提高一下！顿报班的好像统都用这个教材,0.9830028488516367,喜欢
京东买书就是划算，低价知识囤的感觉真好,0.9936569263360275,喜欢
好学习一下，京东有活动,0.9391741217687286,喜欢
给单位买的书，送货快非常满意,0.8645007917315578,喜欢
此书已经看了很长时间，终于赶上京东打折给力,0.8874526902416937,喜欢
商品不错，快递服务,0.578605873745587,一般
先进理念，不考也值得一看,0.9904643986006415,喜欢
双1购买的。不得说京东书非常划算，包装严实收到后如果有破损还免费更换太省心事以就来,0.40019821140868717,一般
不错，已经习惯在京东上买了。,0.8391189000507125,喜欢
没想到京东有现货，还需要采购直接耽误用了。,0.008004337868598665,不喜欢
还没看这本书，不过宝贝喜欢,0.9084821764079107,喜欢
不错，一如既往的好,0.9836740559671003,喜欢
配送非常快，服务到位周热情！,0.9200999101057584,喜欢
非常满意，孩子刚上一年级有很多看图写话的题希望这个对他帮助。书质量好,0.9996434827873681,喜欢
活动价购买的，超值书质量非常好小孩很爱看觉得这类适合她内容丰富喜欢,0.9998515107149625,喜欢
物流很快，次日达书的纸质比较粗糙但印刷还是清晰内容丰富。,0.8510803545942578,喜欢
书本很厚，内容丰富价格实惠孩子喜欢。,0.9660617125468474,喜欢
小朋友喜欢看书，买本与课程相关的他不。,0.900690201742829,喜欢
好大一套书，封面很精美字体小合适主要是内容全孩子可以在今后的写作中找到多例文参考。值得购买而且还有技巧讲解和榜样范为对儿来说引导！读定帮助,0.999999949329566,喜欢
这两本书值得购买，纸张印刷都还可以。,0.6992692733204215,喜欢
很不错，嘿！孩子应该会喜欢的写作能力好希望有帮助,0.9981465845992765,喜欢
现在信赖首选京东默哒一直看着它年发展的越来好，心里也为壮大而加油打气。什么我喜欢购物因可以当天买自己商品阴就到达客户家中所有评价都相同西太多积累没最佩服还是流时晚上1点前动手指第二午送单位或者刷卡付款营挺保证售后问题专属热线很赞句话事儿接门取件退更换新电个月货半实体店弱爆了根本竞争力与提并论；比老铺街格省截票子哈宝平基不逛城能合意超值些明显市划算且模样吃喝生活用哟小贝们快吧!既钱又节间永远支持誉《》,0.9999633095027534,喜欢
京东就是快，书的质量不错！希望对孩子有帮助刚上一年级小朋友,0.9988039174761405,喜欢
很好,0.7795229979671993,喜欢
都是喜欢的书，活动很划算说。,0.9584591440244099,喜欢
用处不大，每个地方就介绍那么几页,0.009802593744147492,不喜欢
细笔没啥用，王府井小吃街都了还在书中列出,0.9762952981009433,喜欢
非常好，说的很详细有益处！,0.6745095264905102,喜欢
不好 书很脏旧坏了,0.047033157625827826,不喜欢
快速员态度很好，书质量价格还优惠了以后买就选京东。购物体验太！,0.9328583047261079,喜欢
京东买书 物美价廉流超快感觉极好谢,0.9658455266675869,喜欢
新出就R上入手了，家中本碛信fg是r候更Q代。,0.9145491304313789,喜欢
I了《精神分析引》就同我黄鹳，套。,0.9613917682346061,喜欢
《精神分析新论》是引的续篇，发表于出版十五年后继承了前一部作品章节序号对延和补充。,0.999850096894729,喜欢
"""极简主义Minmals是二战后兴起的艺术流派，又被称为 Art。",0.991352287009933,喜欢
,0.5262327818078083,一般
"作品里降低了者自我表现和意识压迫更多去呈物本身最初质感这股风潮影响、设计建筑音乐等很领域20世纪7年代力也扩散到时装""",0.999996526374848,喜欢
《精神分析引论》是弗洛伊德的代表作，也学派纲领性品。在书中对人各种失误行为、梦和经症进了由浅入深探讨以方法治疗可能,0.9999941194313305,喜欢
京东自营就是快啊，基本都隔天到。,0.37882176374238874,不喜欢
服务好！礼品还真是漂亮，超值但有一颗小珠些瑕疵这难免的。尺寸比想象中要总体不错,0.9999237055358542,喜欢
给孩子买的学习参考书，希望对有帮助。京东送货真是快喜欢,0.9963967460337575,喜欢
不大好，东西9号买说10能到结果4才拖了久。很满意！,0.042136667580477294,不喜欢
给孩子买的辅导书，希望有帮助,0.9064334468412346,喜欢
三天就到了一点也没耽误，我信任京东。,0.04052629264786767,不喜欢
东西很好.送货速度快,0.9652827642925851,喜欢
很有价值的一本书，推荐！,0.8849521326568293,喜欢
好教辅，孩子很喜欢点赞。,0.9936850723401627,喜欢
还是不错的 用起来很舒服。,0.9663285868484315,喜欢
内容全面,0.4361628709454797,一般
还好吧,0.6986352350530262,喜欢
这就是四个伟大，好读必有收获,0.9791540491110429,喜欢
很好不错书继续支持,0.9781639710187291,喜欢
买了一整套，孩子喜欢说不错,0.9740854266288499,喜欢
不错，开阔一下视野包装简陋,0.9949933210623378,喜欢
东西正宗，品质保证性价比超高。值得推荐下次还会继续购买,0.9999465804398979,喜欢
书很不错，配送还可以喜欢,0.9670602727968266,喜欢
好,0.6558628208940429,喜欢
我们的征途是星辰大海,0.5878922110721017,一般
很好的书，一直盼着入手终于忍痛下了有点贵哦！,0.950459454967178,喜欢
相信移民火星是早晚的事儿，所以提前买来做准备吧！,0.17589250814253332,不喜欢
质量没问题，正版,0.42696628248935276,一般
很好 喜欢希望京东多搞一些图书优惠活动推全民阅读,0.9635893083186347,喜欢
好,0.6558628208940429,喜欢
还行，有点贵了没多少内容,0.42692685982794254,一般
看了电影黄金时代之后，开始喜欢上萧红。她洒脱不羁的性格虽说亦是苦一生短暂悲凉但活纯粹在文学造诣也可小觑有表去年读商市街写很好许广平人都知道贫穷没几个能把这么触目惊心就今天又收呼兰河传作为东北对于描部品充满期待和向往面会再入死场书要慢静下来急躁用感受本淡蓝色封安内页纸张厚实排版起舒服京自营多挑久民出社错然价略高些质量美值得藏！,0.9999999999984854,喜欢
外表看着美观大气上档次。一直信任京东质量不错，送货很快服务好！ 太漂亮高超喜欢比三家选的也是辛苦啊?现在除了碗热腾拉面强哥这里买到其他只有你想没午下单速度还行品装实用可以值得购刚开始点涩干净感价位适中性般吧物流天就整体觉收挺个要多几廉免去市场之劳推荐答案我为什么西因今明每商评都样导致积累未订所统段话作内容久产较坑如果来说款问题至少85分宝贝非常卖情给力愉,0.9999998948606332,喜欢
